-- phpMyAdmin SQL Dump
-- version 5.2.0
-- https://www.phpmyadmin.net/
--
-- Host: localhost
-- Generation Time: Mar 01, 2023 at 03:19 PM
-- Server version: 10.4.27-MariaDB
-- PHP Version: 8.2.0

SET SQL_MODE = "NO_AUTO_VALUE_ON_ZERO";
START TRANSACTION;
SET time_zone = "+00:00";


/*!40101 SET @OLD_CHARACTER_SET_CLIENT=@@CHARACTER_SET_CLIENT */;
/*!40101 SET @OLD_CHARACTER_SET_RESULTS=@@CHARACTER_SET_RESULTS */;
/*!40101 SET @OLD_COLLATION_CONNECTION=@@COLLATION_CONNECTION */;
/*!40101 SET NAMES utf8mb4 */;

--
-- Database: `school2`
--

-- --------------------------------------------------------

--
-- Table structure for table `advicers`
--

CREATE TABLE `advicers` (
  `school_year` year(4) NOT NULL,
  `grade` varchar(4) NOT NULL,
  `room` varchar(4) NOT NULL,
  `teacher_id` varchar(6) NOT NULL
) ENGINE=InnoDB DEFAULT CHARSET=utf8mb4 COLLATE=utf8mb4_general_ci;

-- --------------------------------------------------------

--
-- Table structure for table `class`
--

CREATE TABLE `class` (
  `school_year` year(4) NOT NULL,
  `grade` varchar(4) NOT NULL,
  `room` varchar(4) NOT NULL
) ENGINE=InnoDB DEFAULT CHARSET=utf8mb4 COLLATE=utf8mb4_general_ci;

--
-- Dumping data for table `class`
--

INSERT INTO `class` (`school_year`, `grade`, `room`) VALUES
(2019, '1', '1'),
(2019, '1', '2'),
(2019, '2', '1'),
(2019, '2', '2'),
(2019, '3', '1'),
(2019, '3', '2'),
(2019, '4', '1'),
(2019, '4', '2'),
(2019, '5', '1'),
(2019, '5', '2'),
(2019, '6', '1'),
(2019, '6', '2'),
(2020, '1', '1'),
(2020, '1', '2'),
(2020, '2', '1'),
(2020, '2', '2'),
(2020, '3', '1'),
(2020, '3', '2'),
(2020, '4', '1'),
(2020, '4', '2'),
(2020, '5', '1'),
(2020, '5', '2'),
(2020, '6', '1'),
(2020, '6', '2'),
(2021, '1', '1'),
(2021, '1', '2'),
(2021, '2', '1'),
(2021, '2', '2'),
(2021, '3', '1'),
(2021, '3', '2'),
(2021, '4', '1'),
(2021, '4', '2'),
(2021, '5', '1'),
(2021, '5', '2'),
(2021, '6', '1'),
(2021, '6', '2');

-- --------------------------------------------------------

--
-- Table structure for table `enroll`
--

CREATE TABLE `enroll` (
  `student_id` varchar(6) NOT NULL,
  `school_year` year(4) NOT NULL,
  `grade` varchar(4) NOT NULL,
  `room` varchar(4) NOT NULL,
  `enroll_subject_id` int(11) NOT NULL
) ENGINE=InnoDB DEFAULT CHARSET=utf8mb4 COLLATE=utf8mb4_general_ci;

-- --------------------------------------------------------

--
-- Table structure for table `enroll_subject`
--

CREATE TABLE `enroll_subject` (
  `enroll_subject_id` int(11) NOT NULL,
  `teacher_id` varchar(6) NOT NULL,
  `subject_id` varchar(6) NOT NULL
) ENGINE=InnoDB DEFAULT CHARSET=utf8mb4 COLLATE=utf8mb4_general_ci;

--
-- Dumping data for table `enroll_subject`
--

INSERT INTO `enroll_subject` (`enroll_subject_id`, `teacher_id`, `subject_id`) VALUES
(1, 'T15255', 'ว21102'),
(2, 'T15256', 'ว21104'),
(3, 'T15257', 'ว21202'),
(4, 'T15258', 'ค21102'),
(5, 'T15259', 'ค21202'),
(6, 'T15260', 'ส21102'),
(7, 'T15261', 'ส21104'),
(8, 'T15262', 'อ21102'),
(9, 'T15263', 'อ21202'),
(10, 'T15264', 'อ21204'),
(11, 'T15265', 'ท21102'),
(12, 'T15266', 'ง21102'),
(13, 'T15267', 'ก21902'),
(14, 'T15268', 'พ21104'),
(15, 'T15269', 'ศ21102'),
(16, 'T15270', 'ส22234'),
(17, 'T15271', 'ส22102'),
(18, 'T15272', 'ว22202'),
(19, 'T15273', 'ว22208'),
(20, 'T15274', 'ว22104'),
(21, 'T15275', 'ค22102'),
(22, 'T15276', 'ค22202'),
(23, 'T15277', 'ส22104'),
(24, 'T15278', 'อ22102'),
(25, 'T15279', 'อ22202'),
(26, 'T15280', 'อ22204'),
(27, 'T15281', 'ท22102'),
(28, 'T15282', 'ง22102'),
(29, 'T15283', 'ก22902'),
(30, 'T15284', 'พ22104'),
(31, 'T15285', 'ศ22102'),
(32, 'T15286', 'I20202'),
(33, 'T15287', 'อ23202'),
(34, 'T15288', 'อ23102'),
(35, 'T15289', 'ส23104'),
(36, 'T15290', 'ท23102'),
(37, 'T15291', 'ว23104'),
(38, 'T15292', 'ว23102'),
(39, 'T15293', 'ส23236'),
(40, 'T15294', 'ค23102'),
(41, 'T15295', 'ศ23102'),
(42, 'T15296', 'อ23204'),
(43, 'T15297', 'ง23102'),
(44, 'T15298', 'พ23102'),
(45, 'T15299', 'ส23102'),
(46, 'T15300', 'พ23104'),
(47, 'T15301', 'ค23202'),
(48, 'T15302', 'ก23902'),
(49, 'T15303', 'ว23202'),
(50, 'T15304', 'ส31106'),
(51, 'T15305', 'ส31104'),
(52, 'T15306', 'ส31102'),
(53, 'T15307', 'ว30202'),
(54, 'T15308', 'ว31104'),
(55, 'T15309', 'ว30222'),
(56, 'T15310', 'ว30292'),
(57, 'T15311', 'ว30242'),
(58, 'T15312', 'ว31102'),
(59, 'T15313', 'ก31902'),
(60, 'T15314', 'อ31202'),
(61, 'T16782', 'อ31204'),
(62, 'T16783', 'อ31102'),
(63, 'T16784', 'พ31102'),
(64, 'T16785', 'พ31202'),
(65, 'T16786', 'ศ31102'),
(66, 'T16787', 'ท31102'),
(67, 'T16788', 'ค31202'),
(68, 'T16789', 'ค31102'),
(69, 'T16790', 'ง30219'),
(70, 'T16791', 'อ32102'),
(71, 'T16792', 'อ32202'),
(72, 'T16793', 'อ32204'),
(73, 'T16794', 'อ32206'),
(74, 'T16795', 'ฝ32202'),
(75, 'T16796', 'ญ32202'),
(76, 'T16797', 'จ32202'),
(77, 'T16798', 'ท32102'),
(78, 'T16799', 'ท32202'),
(79, 'T16800', 'ค32102'),
(80, 'T16801', 'ค32202'),
(81, 'T16802', 'ว32102'),
(82, 'T16803', 'ว30204'),
(83, 'T16804', 'ว30224'),
(84, 'T16805', 'ว32104'),
(85, 'T16806', 'ว30244'),
(86, 'T16807', 'ส32102'),
(87, 'T16808', 'ส32106'),
(88, 'T16782', 'พ32102'),
(89, 'T16783', 'พ32202'),
(90, 'T16784', 'ก32902'),
(91, 'T16785', 'I32202'),
(92, 'T16786', 'ว33102'),
(93, 'T16787', 'ว30246'),
(94, 'T16788', 'ว30226'),
(95, 'T16789', 'ค33202'),
(96, 'T16790', 'ค33102'),
(97, 'T16791', 'อ33204'),
(98, 'T16792', 'อ33102'),
(99, 'T16793', 'อ33202'),
(100, 'T16794', 'อ33206'),
(101, 'T16795', 'ท33102'),
(102, 'T16796', 'ก33902'),
(103, 'T16797', 'ส30234'),
(104, 'T16798', 'ส33104'),
(105, 'T16799', 'ส33102'),
(106, 'T16800', 'พ33102'),
(107, 'T16801', 'พ33202'),
(108, 'T16802', 'ศ33102'),
(109, 'T16803', 'ญ33202'),
(110, 'T16804', 'ญ33204'),
(111, 'T16805', 'จ33202');

-- --------------------------------------------------------

--
-- Table structure for table `evaluation`
--

CREATE TABLE `evaluation` (
  `subject_id` varchar(6) NOT NULL,
  `school_year` year(4) NOT NULL,
  `A` decimal(4,2) NOT NULL,
  `B+` decimal(4,2) NOT NULL,
  `B` decimal(4,2) NOT NULL,
  `C+` decimal(4,2) NOT NULL,
  `C` decimal(4,2) NOT NULL,
  `D+` decimal(4,2) NOT NULL,
  `D` decimal(4,2) NOT NULL
) ENGINE=InnoDB DEFAULT CHARSET=utf8mb4 COLLATE=utf8mb4_general_ci;

-- --------------------------------------------------------

--
-- Table structure for table `score`
--

CREATE TABLE `score` (
  `score_id` int(11) NOT NULL,
  `score_evaluation` varchar(45) NOT NULL,
  `max_score` decimal(7,2) NOT NULL,
  `point` decimal(7,2) NOT NULL,
  `percent` decimal(5,2) NOT NULL,
  `student_id` varchar(6) NOT NULL,
  `school_year` year(4) NOT NULL,
  `grade` varchar(4) NOT NULL,
  `room` varchar(4) NOT NULL,
  `teacher_id` varchar(6) NOT NULL,
  `subject_id` varchar(6) NOT NULL
) ENGINE=InnoDB DEFAULT CHARSET=utf8mb4 COLLATE=utf8mb4_general_ci;

-- --------------------------------------------------------

--
-- Table structure for table `status`
--

CREATE TABLE `status` (
  `status_id` int(11) NOT NULL,
  `status_name` varchar(45) DEFAULT NULL
) ENGINE=InnoDB DEFAULT CHARSET=utf8 COLLATE=utf8_general_ci;

--
-- Dumping data for table `status`
--

INSERT INTO `status` (`status_id`, `status_name`) VALUES
(1, 'ยังศึกษาอยู่');

-- --------------------------------------------------------

--
-- Table structure for table `student`
--

CREATE TABLE `student` (
  `student_id` varchar(6) NOT NULL,
  `password` varchar(32) NOT NULL,
  `fist_name` varchar(45) NOT NULL,
  `last_name` varchar(45) NOT NULL,
  `gender` varchar(6) NOT NULL,
  `solial_id` varchar(13) NOT NULL,
  `bathday` date NOT NULL,
  `nationality` varchar(45) NOT NULL,
  `phone_number` varchar(10) NOT NULL,
  `first_name_father` varchar(45) NOT NULL,
  `last_name_father` varchar(45) NOT NULL,
  `first_name_mother` varchar(45) NOT NULL,
  `last_name_mother` varchar(45) NOT NULL,
  `fist_name_parent` varchar(45) NOT NULL,
  `last_name_parent` varchar(45) NOT NULL,
  `phone_number_of_parent` varchar(10) NOT NULL,
  `status_id` int(11) NOT NULL
) ENGINE=InnoDB DEFAULT CHARSET=utf8mb4 COLLATE=utf8mb4_general_ci;

--
-- Dumping data for table `student`
--

INSERT INTO `student` (`student_id`, `password`, `fist_name`, `last_name`, `gender`, `solial_id`, `bathday`, `nationality`, `phone_number`, `first_name_father`, `last_name_father`, `first_name_mother`, `last_name_mother`, `fist_name_parent`, `last_name_parent`, `phone_number_of_parent`, `status_id`) VALUES
('S15523', '81dc9bdb52d04dc20036dbd8313ed055', 'แดง', 'สุขสำราญ', 'ชาย', '1648900000217', '2019-05-03', 'thai', '0933334543', 'สมพงษ์', 'สุขสำราญ', 'สมร', 'สุขสำราญ', 'สมพงษ์', 'สุขสำราญ', '0933334556', 1),
('S15524', '81dc9bdb52d04dc20036dbd8313ed055', 'วันบำรุง', 'ส่องแสง', 'ชาย', '1648900000218', '2019-04-15', 'thai', '0933334544', 'วันเฉลิม', 'ส่องแสง', 'วันเกษม', 'ส่องแสง', 'วันเฉลิม', 'ส่องแสง', '0933334454', 1),
('S15525', '81dc9bdb52d04dc20036dbd8313ed055', 'สมศรี', 'ณ พิษณุโลก', 'หญิง', '1648900000219', '2018-01-14', 'thai', '0933334545', 'สมศักดิ์', 'ณ พิษณุโลก', 'สมพร', 'ณ พิษณุโลก', 'สมศักดิ์', 'ณ พิษณุโลก', '0933334435', 1),
('S15526', '81dc9bdb52d04dc20036dbd8313ed055', 'สมหญิง', 'แสงสว่าง', 'หญิง', '1648900000220', '2019-06-03', 'thai', '0933334546', 'สมมาตร', 'แสงสว่าง', 'สายพิณ', 'แสงสว่าง', 'สมมาตร', 'แสงสว่าง', '0932434546', 1),
('S15527', '81dc9bdb52d04dc20036dbd8313ed055', 'หนึ่ง', 'แสงโสม', 'หญิง', '1648900000221', '2019-06-03', 'thai', '0933334547', 'เจ็ด', 'แสงโสม', 'แปด', 'แสงโสม', 'เจ็ด', 'แสงโสม', '0932434547', 1),
('S15528', '81dc9bdb52d04dc20036dbd8313ed055', 'สอง', 'แสงสี', 'ชาย', '1648900000222', '2019-12-03', 'thai', '0933334548', 'เก้า', 'แสงสี', 'สิบ', 'แสงสี', 'เก้า', 'แสงสี', '0932434548', 1),
('S15529', '81dc9bdb52d04dc20036dbd8313ed055', 'สาม', 'สุดสายธาร', 'ชาย', '1648900000223', '2019-06-15', 'thai', '0933334549', 'เก้า', 'สุดสายธาร', 'เจ็ด', 'สุดสายธาร', 'เจ็ด', 'สุดสายธาร', '0932434549', 1),
('S15530', '81dc9bdb52d04dc20036dbd8313ed055', 'สี่', 'สนองศิลป์', 'หญิง', '1648900000224', '2019-12-03', 'thai', '0933334550', 'หนึ่ง', 'สนองศิลป์', 'หก', 'สนองศิลป์', 'หนึ่ง', 'สนองศิลป์', '0932434550', 1),
('S15531', '81dc9bdb52d04dc20036dbd8313ed055', 'ห้า', 'สุ่มเสี่ยง', 'ชาย', '1648900000225', '2019-01-03', 'thai', '0933334551', 'สี่', 'สุ่มเสี่ยง', 'สาม', 'สุ่มเสี่ยง', 'แปด', 'สุ่มเสี่ยง', '0932434551', 1),
('S15532', '81dc9bdb52d04dc20036dbd8313ed055', 'หก', 'จันทร์ทรา', 'ชาย', '1648900000226', '2019-06-03', 'thai', '0933334552', 'สี่', 'จันทร์ทรา', 'สาม', 'จันทร์ทรา', 'สุด', 'จันทน์', '0932434552', 1);

-- --------------------------------------------------------

--
-- Table structure for table `student_has_class`
--

CREATE TABLE `student_has_class` (
  `student_id` varchar(6) NOT NULL,
  `school_year` year(4) NOT NULL,
  `grade` varchar(4) NOT NULL,
  `room` varchar(4) NOT NULL
) ENGINE=InnoDB DEFAULT CHARSET=utf8mb4 COLLATE=utf8mb4_general_ci;

--
-- Dumping data for table `student_has_class`
--

INSERT INTO `student_has_class` (`student_id`, `school_year`, `grade`, `room`) VALUES
('S15523', 2019, '1', '1'),
('S15524', 2019, '1', '2'),
('S15525', 2019, '2', '1'),
('S15526', 2019, '2', '2'),
('S15527', 2019, '3', '1'),
('S15528', 2019, '3', '2'),
('S15529', 2019, '4', '1'),
('S15530', 2019, '5', '1'),
('S15531', 2019, '6', '1'),
('S15532', 2019, '6', '2');

-- --------------------------------------------------------

--
-- Table structure for table `subject`
--

CREATE TABLE `subject` (
  `subject_id` varchar(6) NOT NULL,
  `subject_name` varchar(45) NOT NULL,
  `course_description_th` varchar(500) NOT NULL,
  `course_description_en` varchar(500) NOT NULL
) ENGINE=InnoDB DEFAULT CHARSET=utf8mb4 COLLATE=utf8mb4_general_ci;

--
-- Dumping data for table `subject`
--

INSERT INTO `subject` (`subject_id`, `subject_name`, `course_description_th`, `course_description_en`) VALUES
('I20202', 'ศึกษาค้นคว้าด้วยตัวเอง', 'ผมขออธิบายถึงคุณว่า Lorem Ipsum คือข้อความตัวอย่างที่ใช้ในงานพิมพ์และสำนักงานเพื่อเติมเต็มพื้นที่ว่างในเอกสารหรือการออกแบบเว็บไซต์ ข้อความนี้มักถูกสุ่มเลือกมาจากตอนท้ายของหนังสือโดยปกติแล้วจะเป็นข้อความภาษาละติน แต่ผมคิดว่าเราสามารถใช้ข้อความภาษาไทยแทนได้ แต่ต้องระวังตัวอักษรที่ไม่เข้ากันในการสุ่มเลือกนะครับ', ''),
('I32202', 'ศึกษาค้นคว้าด้วยตัวเอง', 'ผมขออธิบายถึงคุณว่า Lorem Ipsum คือข้อความตัวอย่างที่ใช้ในงานพิมพ์และสำนักงานเพื่อเติมเต็มพื้นที่ว่างในเอกสารหรือการออกแบบเว็บไซต์ ข้อความนี้มักถูกสุ่มเลือกมาจากตอนท้ายของหนังสือโดยปกติแล้วจะเป็นข้อความภาษาละติน แต่ผมคิดว่าเราสามารถใช้ข้อความภาษาไทยแทนได้ แต่ต้องระวังตัวอักษรที่ไม่เข้ากันในการสุ่มเลือกนะครับ', ''),
('ก21902', 'เกษตร', 'ผมขออธิบายถึงคุณว่า Lorem Ipsum คือข้อความตัวอย่างที่ใช้ในงานพิมพ์และสำนักงานเพื่อเติมเต็มพื้นที่ว่างในเอกสารหรือการออกแบบเว็บไซต์ ข้อความนี้มักถูกสุ่มเลือกมาจากตอนท้ายของหนังสือโดยปกติแล้วจะเป็นข้อความภาษาละติน แต่ผมคิดว่าเราสามารถใช้ข้อความภาษาไทยแทนได้ แต่ต้องระวังตัวอักษรที่ไม่เข้ากันในการสุ่มเลือกนะครับ', ''),
('ก22902', 'เกษตร', 'ผมขออธิบายถึงคุณว่า Lorem Ipsum คือข้อความตัวอย่างที่ใช้ในงานพิมพ์และสำนักงานเพื่อเติมเต็มพื้นที่ว่างในเอกสารหรือการออกแบบเว็บไซต์ ข้อความนี้มักถูกสุ่มเลือกมาจากตอนท้ายของหนังสือโดยปกติแล้วจะเป็นข้อความภาษาละติน แต่ผมคิดว่าเราสามารถใช้ข้อความภาษาไทยแทนได้ แต่ต้องระวังตัวอักษรที่ไม่เข้ากันในการสุ่มเลือกนะครับ', ''),
('ก23902', 'เกษตร', 'ผมขออธิบายถึงคุณว่า Lorem Ipsum คือข้อความตัวอย่างที่ใช้ในงานพิมพ์และสำนักงานเพื่อเติมเต็มพื้นที่ว่างในเอกสารหรือการออกแบบเว็บไซต์ ข้อความนี้มักถูกสุ่มเลือกมาจากตอนท้ายของหนังสือโดยปกติแล้วจะเป็นข้อความภาษาละติน แต่ผมคิดว่าเราสามารถใช้ข้อความภาษาไทยแทนได้ แต่ต้องระวังตัวอักษรที่ไม่เข้ากันในการสุ่มเลือกนะครับ', ''),
('ก31902', 'เกษตร', 'ผมขออธิบายถึงคุณว่า Lorem Ipsum คือข้อความตัวอย่างที่ใช้ในงานพิมพ์และสำนักงานเพื่อเติมเต็มพื้นที่ว่างในเอกสารหรือการออกแบบเว็บไซต์ ข้อความนี้มักถูกสุ่มเลือกมาจากตอนท้ายของหนังสือโดยปกติแล้วจะเป็นข้อความภาษาละติน แต่ผมคิดว่าเราสามารถใช้ข้อความภาษาไทยแทนได้ แต่ต้องระวังตัวอักษรที่ไม่เข้ากันในการสุ่มเลือกนะครับ', ''),
('ก32902', 'เกษตร', 'ผมขออธิบายถึงคุณว่า Lorem Ipsum คือข้อความตัวอย่างที่ใช้ในงานพิมพ์และสำนักงานเพื่อเติมเต็มพื้นที่ว่างในเอกสารหรือการออกแบบเว็บไซต์ ข้อความนี้มักถูกสุ่มเลือกมาจากตอนท้ายของหนังสือโดยปกติแล้วจะเป็นข้อความภาษาละติน แต่ผมคิดว่าเราสามารถใช้ข้อความภาษาไทยแทนได้ แต่ต้องระวังตัวอักษรที่ไม่เข้ากันในการสุ่มเลือกนะครับ', ''),
('ก33902', 'เกษตร', 'ผมขออธิบายถึงคุณว่า Lorem Ipsum คือข้อความตัวอย่างที่ใช้ในงานพิมพ์และสำนักงานเพื่อเติมเต็มพื้นที่ว่างในเอกสารหรือการออกแบบเว็บไซต์ ข้อความนี้มักถูกสุ่มเลือกมาจากตอนท้ายของหนังสือโดยปกติแล้วจะเป็นข้อความภาษาละติน แต่ผมคิดว่าเราสามารถใช้ข้อความภาษาไทยแทนได้ แต่ต้องระวังตัวอักษรที่ไม่เข้ากันในการสุ่มเลือกนะครับ', ''),
('ค21102', 'คณิตศาสตร์', 'ผมขออธิบายถึงคุณว่า Lorem Ipsum คือข้อความตัวอย่างที่ใช้ในงานพิมพ์และสำนักงานเพื่อเติมเต็มพื้นที่ว่างในเอกสารหรือการออกแบบเว็บไซต์ ข้อความนี้มักถูกสุ่มเลือกมาจากตอนท้ายของหนังสือโดยปกติแล้วจะเป็นข้อความภาษาละติน แต่ผมคิดว่าเราสามารถใช้ข้อความภาษาไทยแทนได้ แต่ต้องระวังตัวอักษรที่ไม่เข้ากันในการสุ่มเลือกนะครับ', ''),
('ค21202', 'คณิตศาสตร์ ', 'ผมขออธิบายถึงคุณว่า Lorem Ipsum คือข้อความตัวอย่างที่ใช้ในงานพิมพ์และสำนักงานเพื่อเติมเต็มพื้นที่ว่างในเอกสารหรือการออกแบบเว็บไซต์ ข้อความนี้มักถูกสุ่มเลือกมาจากตอนท้ายของหนังสือโดยปกติแล้วจะเป็นข้อความภาษาละติน แต่ผมคิดว่าเราสามารถใช้ข้อความภาษาไทยแทนได้ แต่ต้องระวังตัวอักษรที่ไม่เข้ากันในการสุ่มเลือกนะครับ', ''),
('ค22102', 'คณิตศาสตร์', 'ผมขออธิบายถึงคุณว่า Lorem Ipsum คือข้อความตัวอย่างที่ใช้ในงานพิมพ์และสำนักงานเพื่อเติมเต็มพื้นที่ว่างในเอกสารหรือการออกแบบเว็บไซต์ ข้อความนี้มักถูกสุ่มเลือกมาจากตอนท้ายของหนังสือโดยปกติแล้วจะเป็นข้อความภาษาละติน แต่ผมคิดว่าเราสามารถใช้ข้อความภาษาไทยแทนได้ แต่ต้องระวังตัวอักษรที่ไม่เข้ากันในการสุ่มเลือกนะครับ', ''),
('ค22202', 'คณิตศาสตร์', 'ผมขออธิบายถึงคุณว่า Lorem Ipsum คือข้อความตัวอย่างที่ใช้ในงานพิมพ์และสำนักงานเพื่อเติมเต็มพื้นที่ว่างในเอกสารหรือการออกแบบเว็บไซต์ ข้อความนี้มักถูกสุ่มเลือกมาจากตอนท้ายของหนังสือโดยปกติแล้วจะเป็นข้อความภาษาละติน แต่ผมคิดว่าเราสามารถใช้ข้อความภาษาไทยแทนได้ แต่ต้องระวังตัวอักษรที่ไม่เข้ากันในการสุ่มเลือกนะครับ', ''),
('ค23102', 'คณิตศาสตร์', 'ผมขออธิบายถึงคุณว่า Lorem Ipsum คือข้อความตัวอย่างที่ใช้ในงานพิมพ์และสำนักงานเพื่อเติมเต็มพื้นที่ว่างในเอกสารหรือการออกแบบเว็บไซต์ ข้อความนี้มักถูกสุ่มเลือกมาจากตอนท้ายของหนังสือโดยปกติแล้วจะเป็นข้อความภาษาละติน แต่ผมคิดว่าเราสามารถใช้ข้อความภาษาไทยแทนได้ แต่ต้องระวังตัวอักษรที่ไม่เข้ากันในการสุ่มเลือกนะครับ', ''),
('ค23202', 'คณิตศาสตร์', 'ผมขออธิบายถึงคุณว่า Lorem Ipsum คือข้อความตัวอย่างที่ใช้ในงานพิมพ์และสำนักงานเพื่อเติมเต็มพื้นที่ว่างในเอกสารหรือการออกแบบเว็บไซต์ ข้อความนี้มักถูกสุ่มเลือกมาจากตอนท้ายของหนังสือโดยปกติแล้วจะเป็นข้อความภาษาละติน แต่ผมคิดว่าเราสามารถใช้ข้อความภาษาไทยแทนได้ แต่ต้องระวังตัวอักษรที่ไม่เข้ากันในการสุ่มเลือกนะครับ', ''),
('ค31102', 'คณิตศาสตร์', 'ผมขออธิบายถึงคุณว่า Lorem Ipsum คือข้อความตัวอย่างที่ใช้ในงานพิมพ์และสำนักงานเพื่อเติมเต็มพื้นที่ว่างในเอกสารหรือการออกแบบเว็บไซต์ ข้อความนี้มักถูกสุ่มเลือกมาจากตอนท้ายของหนังสือโดยปกติแล้วจะเป็นข้อความภาษาละติน แต่ผมคิดว่าเราสามารถใช้ข้อความภาษาไทยแทนได้ แต่ต้องระวังตัวอักษรที่ไม่เข้ากันในการสุ่มเลือกนะครับ', ''),
('ค31202', 'คณิตศาสตร์เพิ่มเติม', 'ผมขออธิบายถึงคุณว่า Lorem Ipsum คือข้อความตัวอย่างที่ใช้ในงานพิมพ์และสำนักงานเพื่อเติมเต็มพื้นที่ว่างในเอกสารหรือการออกแบบเว็บไซต์ ข้อความนี้มักถูกสุ่มเลือกมาจากตอนท้ายของหนังสือโดยปกติแล้วจะเป็นข้อความภาษาละติน แต่ผมคิดว่าเราสามารถใช้ข้อความภาษาไทยแทนได้ แต่ต้องระวังตัวอักษรที่ไม่เข้ากันในการสุ่มเลือกนะครับ', ''),
('ค32102', 'คณิตศาสตร์', 'ผมขออธิบายถึงคุณว่า Lorem Ipsum คือข้อความตัวอย่างที่ใช้ในงานพิมพ์และสำนักงานเพื่อเติมเต็มพื้นที่ว่างในเอกสารหรือการออกแบบเว็บไซต์ ข้อความนี้มักถูกสุ่มเลือกมาจากตอนท้ายของหนังสือโดยปกติแล้วจะเป็นข้อความภาษาละติน แต่ผมคิดว่าเราสามารถใช้ข้อความภาษาไทยแทนได้ แต่ต้องระวังตัวอักษรที่ไม่เข้ากันในการสุ่มเลือกนะครับ', ''),
('ค32202', 'คณิตศาสตร์', 'ผมขออธิบายถึงคุณว่า Lorem Ipsum คือข้อความตัวอย่างที่ใช้ในงานพิมพ์และสำนักงานเพื่อเติมเต็มพื้นที่ว่างในเอกสารหรือการออกแบบเว็บไซต์ ข้อความนี้มักถูกสุ่มเลือกมาจากตอนท้ายของหนังสือโดยปกติแล้วจะเป็นข้อความภาษาละติน แต่ผมคิดว่าเราสามารถใช้ข้อความภาษาไทยแทนได้ แต่ต้องระวังตัวอักษรที่ไม่เข้ากันในการสุ่มเลือกนะครับ', ''),
('ค33102', 'คณิตศาสตร์', 'ผมขออธิบายถึงคุณว่า Lorem Ipsum คือข้อความตัวอย่างที่ใช้ในงานพิมพ์และสำนักงานเพื่อเติมเต็มพื้นที่ว่างในเอกสารหรือการออกแบบเว็บไซต์ ข้อความนี้มักถูกสุ่มเลือกมาจากตอนท้ายของหนังสือโดยปกติแล้วจะเป็นข้อความภาษาละติน แต่ผมคิดว่าเราสามารถใช้ข้อความภาษาไทยแทนได้ แต่ต้องระวังตัวอักษรที่ไม่เข้ากันในการสุ่มเลือกนะครับ', ''),
('ค33202', 'คณิตศาสตร์', 'ผมขออธิบายถึงคุณว่า Lorem Ipsum คือข้อความตัวอย่างที่ใช้ในงานพิมพ์และสำนักงานเพื่อเติมเต็มพื้นที่ว่างในเอกสารหรือการออกแบบเว็บไซต์ ข้อความนี้มักถูกสุ่มเลือกมาจากตอนท้ายของหนังสือโดยปกติแล้วจะเป็นข้อความภาษาละติน แต่ผมคิดว่าเราสามารถใช้ข้อความภาษาไทยแทนได้ แต่ต้องระวังตัวอักษรที่ไม่เข้ากันในการสุ่มเลือกนะครับ', ''),
('ง21102', 'การงานอาชีพ', 'ผมขออธิบายถึงคุณว่า Lorem Ipsum คือข้อความตัวอย่างที่ใช้ในงานพิมพ์และสำนักงานเพื่อเติมเต็มพื้นที่ว่างในเอกสารหรือการออกแบบเว็บไซต์ ข้อความนี้มักถูกสุ่มเลือกมาจากตอนท้ายของหนังสือโดยปกติแล้วจะเป็นข้อความภาษาละติน แต่ผมคิดว่าเราสามารถใช้ข้อความภาษาไทยแทนได้ แต่ต้องระวังตัวอักษรที่ไม่เข้ากันในการสุ่มเลือกนะครับ', ''),
('ง22102', 'การงานอาชีีพ', 'ผมขออธิบายถึงคุณว่า Lorem Ipsum คือข้อความตัวอย่างที่ใช้ในงานพิมพ์และสำนักงานเพื่อเติมเต็มพื้นที่ว่างในเอกสารหรือการออกแบบเว็บไซต์ ข้อความนี้มักถูกสุ่มเลือกมาจากตอนท้ายของหนังสือโดยปกติแล้วจะเป็นข้อความภาษาละติน แต่ผมคิดว่าเราสามารถใช้ข้อความภาษาไทยแทนได้ แต่ต้องระวังตัวอักษรที่ไม่เข้ากันในการสุ่มเลือกนะครับ', ''),
('ง23102', 'การงานอาชีพ', 'ผมขออธิบายถึงคุณว่า Lorem Ipsum คือข้อความตัวอย่างที่ใช้ในงานพิมพ์และสำนักงานเพื่อเติมเต็มพื้นที่ว่างในเอกสารหรือการออกแบบเว็บไซต์ ข้อความนี้มักถูกสุ่มเลือกมาจากตอนท้ายของหนังสือโดยปกติแล้วจะเป็นข้อความภาษาละติน แต่ผมคิดว่าเราสามารถใช้ข้อความภาษาไทยแทนได้ แต่ต้องระวังตัวอักษรที่ไม่เข้ากันในการสุ่มเลือกนะครับ', ''),
('ง30219', 'การงานอาชีพ', 'ผมขออธิบายถึงคุณว่า Lorem Ipsum คือข้อความตัวอย่างที่ใช้ในงานพิมพ์และสำนักงานเพื่อเติมเต็มพื้นที่ว่างในเอกสารหรือการออกแบบเว็บไซต์ ข้อความนี้มักถูกสุ่มเลือกมาจากตอนท้ายของหนังสือโดยปกติแล้วจะเป็นข้อความภาษาละติน แต่ผมคิดว่าเราสามารถใช้ข้อความภาษาไทยแทนได้ แต่ต้องระวังตัวอักษรที่ไม่เข้ากันในการสุ่มเลือกนะครับ', ''),
('จ32202', 'จีน', 'ผมขออธิบายถึงคุณว่า Lorem Ipsum คือข้อความตัวอย่างที่ใช้ในงานพิมพ์และสำนักงานเพื่อเติมเต็มพื้นที่ว่างในเอกสารหรือการออกแบบเว็บไซต์ ข้อความนี้มักถูกสุ่มเลือกมาจากตอนท้ายของหนังสือโดยปกติแล้วจะเป็นข้อความภาษาละติน แต่ผมคิดว่าเราสามารถใช้ข้อความภาษาไทยแทนได้ แต่ต้องระวังตัวอักษรที่ไม่เข้ากันในการสุ่มเลือกนะครับ', ''),
('จ33202', 'จีน', 'ผมขออธิบายถึงคุณว่า Lorem Ipsum คือข้อความตัวอย่างที่ใช้ในงานพิมพ์และสำนักงานเพื่อเติมเต็มพื้นที่ว่างในเอกสารหรือการออกแบบเว็บไซต์ ข้อความนี้มักถูกสุ่มเลือกมาจากตอนท้ายของหนังสือโดยปกติแล้วจะเป็นข้อความภาษาละติน แต่ผมคิดว่าเราสามารถใช้ข้อความภาษาไทยแทนได้ แต่ต้องระวังตัวอักษรที่ไม่เข้ากันในการสุ่มเลือกนะครับ', ''),
('ญ32202', 'ญี่ปุ่น', 'ผมขออธิบายถึงคุณว่า Lorem Ipsum คือข้อความตัวอย่างที่ใช้ในงานพิมพ์และสำนักงานเพื่อเติมเต็มพื้นที่ว่างในเอกสารหรือการออกแบบเว็บไซต์ ข้อความนี้มักถูกสุ่มเลือกมาจากตอนท้ายของหนังสือโดยปกติแล้วจะเป็นข้อความภาษาละติน แต่ผมคิดว่าเราสามารถใช้ข้อความภาษาไทยแทนได้ แต่ต้องระวังตัวอักษรที่ไม่เข้ากันในการสุ่มเลือกนะครับ', ''),
('ญ33202', 'ญี่ปุ่น', 'ผมขออธิบายถึงคุณว่า Lorem Ipsum คือข้อความตัวอย่างที่ใช้ในงานพิมพ์และสำนักงานเพื่อเติมเต็มพื้นที่ว่างในเอกสารหรือการออกแบบเว็บไซต์ ข้อความนี้มักถูกสุ่มเลือกมาจากตอนท้ายของหนังสือโดยปกติแล้วจะเป็นข้อความภาษาละติน แต่ผมคิดว่าเราสามารถใช้ข้อความภาษาไทยแทนได้ แต่ต้องระวังตัวอักษรที่ไม่เข้ากันในการสุ่มเลือกนะครับ', ''),
('ญ33204', 'ญี่ี่ปุ่น', 'ผมขออธิบายถึงคุณว่า Lorem Ipsum คือข้อความตัวอย่างที่ใช้ในงานพิมพ์และสำนักงานเพื่อเติมเต็มพื้นที่ว่างในเอกสารหรือการออกแบบเว็บไซต์ ข้อความนี้มักถูกสุ่มเลือกมาจากตอนท้ายของหนังสือโดยปกติแล้วจะเป็นข้อความภาษาละติน แต่ผมคิดว่าเราสามารถใช้ข้อความภาษาไทยแทนได้ แต่ต้องระวังตัวอักษรที่ไม่เข้ากันในการสุ่มเลือกนะครับ', ''),
('ท21102', 'ไทย', 'ผมขออธิบายถึงคุณว่า Lorem Ipsum คือข้อความตัวอย่างที่ใช้ในงานพิมพ์และสำนักงานเพื่อเติมเต็มพื้นที่ว่างในเอกสารหรือการออกแบบเว็บไซต์ ข้อความนี้มักถูกสุ่มเลือกมาจากตอนท้ายของหนังสือโดยปกติแล้วจะเป็นข้อความภาษาละติน แต่ผมคิดว่าเราสามารถใช้ข้อความภาษาไทยแทนได้ แต่ต้องระวังตัวอักษรที่ไม่เข้ากันในการสุ่มเลือกนะครับ', ''),
('ท22102', 'ไทย', 'ผมขออธิบายถึงคุณว่า Lorem Ipsum คือข้อความตัวอย่างที่ใช้ในงานพิมพ์และสำนักงานเพื่อเติมเต็มพื้นที่ว่างในเอกสารหรือการออกแบบเว็บไซต์ ข้อความนี้มักถูกสุ่มเลือกมาจากตอนท้ายของหนังสือโดยปกติแล้วจะเป็นข้อความภาษาละติน แต่ผมคิดว่าเราสามารถใช้ข้อความภาษาไทยแทนได้ แต่ต้องระวังตัวอักษรที่ไม่เข้ากันในการสุ่มเลือกนะครับ', ''),
('ท23102', 'ภาษาไทย', 'ผมขออธิบายถึงคุณว่า Lorem Ipsum คือข้อความตัวอย่างที่ใช้ในงานพิมพ์และสำนักงานเพื่อเติมเต็มพื้นที่ว่างในเอกสารหรือการออกแบบเว็บไซต์ ข้อความนี้มักถูกสุ่มเลือกมาจากตอนท้ายของหนังสือโดยปกติแล้วจะเป็นข้อความภาษาละติน แต่ผมคิดว่าเราสามารถใช้ข้อความภาษาไทยแทนได้ แต่ต้องระวังตัวอักษรที่ไม่เข้ากันในการสุ่มเลือกนะครับ', ''),
('ท31102', 'ภาษาไทย', 'ผมขออธิบายถึงคุณว่า Lorem Ipsum คือข้อความตัวอย่างที่ใช้ในงานพิมพ์และสำนักงานเพื่อเติมเต็มพื้นที่ว่างในเอกสารหรือการออกแบบเว็บไซต์ ข้อความนี้มักถูกสุ่มเลือกมาจากตอนท้ายของหนังสือโดยปกติแล้วจะเป็นข้อความภาษาละติน แต่ผมคิดว่าเราสามารถใช้ข้อความภาษาไทยแทนได้ แต่ต้องระวังตัวอักษรที่ไม่เข้ากันในการสุ่มเลือกนะครับ', ''),
('ท32102', 'ไทย', 'ผมขออธิบายถึงคุณว่า Lorem Ipsum คือข้อความตัวอย่างที่ใช้ในงานพิมพ์และสำนักงานเพื่อเติมเต็มพื้นที่ว่างในเอกสารหรือการออกแบบเว็บไซต์ ข้อความนี้มักถูกสุ่มเลือกมาจากตอนท้ายของหนังสือโดยปกติแล้วจะเป็นข้อความภาษาละติน แต่ผมคิดว่าเราสามารถใช้ข้อความภาษาไทยแทนได้ แต่ต้องระวังตัวอักษรที่ไม่เข้ากันในการสุ่มเลือกนะครับ', ''),
('ท32202', 'ไทย', 'ผมขออธิบายถึงคุณว่า Lorem Ipsum คือข้อความตัวอย่างที่ใช้ในงานพิมพ์และสำนักงานเพื่อเติมเต็มพื้นที่ว่างในเอกสารหรือการออกแบบเว็บไซต์ ข้อความนี้มักถูกสุ่มเลือกมาจากตอนท้ายของหนังสือโดยปกติแล้วจะเป็นข้อความภาษาละติน แต่ผมคิดว่าเราสามารถใช้ข้อความภาษาไทยแทนได้ แต่ต้องระวังตัวอักษรที่ไม่เข้ากันในการสุ่มเลือกนะครับ', ''),
('ท33102', 'ไทย', 'ผมขออธิบายถึงคุณว่า Lorem Ipsum คือข้อความตัวอย่างที่ใช้ในงานพิมพ์และสำนักงานเพื่อเติมเต็มพื้นที่ว่างในเอกสารหรือการออกแบบเว็บไซต์ ข้อความนี้มักถูกสุ่มเลือกมาจากตอนท้ายของหนังสือโดยปกติแล้วจะเป็นข้อความภาษาละติน แต่ผมคิดว่าเราสามารถใช้ข้อความภาษาไทยแทนได้ แต่ต้องระวังตัวอักษรที่ไม่เข้ากันในการสุ่มเลือกนะครับ', ''),
('ฝ32202', 'ฝรั่งเศษ', 'ผมขออธิบายถึงคุณว่า Lorem Ipsum คือข้อความตัวอย่างที่ใช้ในงานพิมพ์และสำนักงานเพื่อเติมเต็มพื้นที่ว่างในเอกสารหรือการออกแบบเว็บไซต์ ข้อความนี้มักถูกสุ่มเลือกมาจากตอนท้ายของหนังสือโดยปกติแล้วจะเป็นข้อความภาษาละติน แต่ผมคิดว่าเราสามารถใช้ข้อความภาษาไทยแทนได้ แต่ต้องระวังตัวอักษรที่ไม่เข้ากันในการสุ่มเลือกนะครับ', ''),
('พ21104', 'พละศึกษา', 'ผมขออธิบายถึงคุณว่า Lorem Ipsum คือข้อความตัวอย่างที่ใช้ในงานพิมพ์และสำนักงานเพื่อเติมเต็มพื้นที่ว่างในเอกสารหรือการออกแบบเว็บไซต์ ข้อความนี้มักถูกสุ่มเลือกมาจากตอนท้ายของหนังสือโดยปกติแล้วจะเป็นข้อความภาษาละติน แต่ผมคิดว่าเราสามารถใช้ข้อความภาษาไทยแทนได้ แต่ต้องระวังตัวอักษรที่ไม่เข้ากันในการสุ่มเลือกนะครับ', ''),
('พ22104', 'พละศึกษา', 'ผมขออธิบายถึงคุณว่า Lorem Ipsum คือข้อความตัวอย่างที่ใช้ในงานพิมพ์และสำนักงานเพื่อเติมเต็มพื้นที่ว่างในเอกสารหรือการออกแบบเว็บไซต์ ข้อความนี้มักถูกสุ่มเลือกมาจากตอนท้ายของหนังสือโดยปกติแล้วจะเป็นข้อความภาษาละติน แต่ผมคิดว่าเราสามารถใช้ข้อความภาษาไทยแทนได้ แต่ต้องระวังตัวอักษรที่ไม่เข้ากันในการสุ่มเลือกนะครับ', ''),
('พ23102', 'พละศึกษา', 'ผมขออธิบายถึงคุณว่า Lorem Ipsum คือข้อความตัวอย่างที่ใช้ในงานพิมพ์และสำนักงานเพื่อเติมเต็มพื้นที่ว่างในเอกสารหรือการออกแบบเว็บไซต์ ข้อความนี้มักถูกสุ่มเลือกมาจากตอนท้ายของหนังสือโดยปกติแล้วจะเป็นข้อความภาษาละติน แต่ผมคิดว่าเราสามารถใช้ข้อความภาษาไทยแทนได้ แต่ต้องระวังตัวอักษรที่ไม่เข้ากันในการสุ่มเลือกนะครับ', ''),
('พ23104', 'สุขศึกษา', 'ผมขออธิบายถึงคุณว่า Lorem Ipsum คือข้อความตัวอย่างที่ใช้ในงานพิมพ์และสำนักงานเพื่อเติมเต็มพื้นที่ว่างในเอกสารหรือการออกแบบเว็บไซต์ ข้อความนี้มักถูกสุ่มเลือกมาจากตอนท้ายของหนังสือโดยปกติแล้วจะเป็นข้อความภาษาละติน แต่ผมคิดว่าเราสามารถใช้ข้อความภาษาไทยแทนได้ แต่ต้องระวังตัวอักษรที่ไม่เข้ากันในการสุ่มเลือกนะครับ', ''),
('พ31102', 'สุขศึกษา', 'ผมขออธิบายถึงคุณว่า Lorem Ipsum คือข้อความตัวอย่างที่ใช้ในงานพิมพ์และสำนักงานเพื่อเติมเต็มพื้นที่ว่างในเอกสารหรือการออกแบบเว็บไซต์ ข้อความนี้มักถูกสุ่มเลือกมาจากตอนท้ายของหนังสือโดยปกติแล้วจะเป็นข้อความภาษาละติน แต่ผมคิดว่าเราสามารถใช้ข้อความภาษาไทยแทนได้ แต่ต้องระวังตัวอักษรที่ไม่เข้ากันในการสุ่มเลือกนะครับ', ''),
('พ31202', 'พลศึกษา', 'ผมขออธิบายถึงคุณว่า Lorem Ipsum คือข้อความตัวอย่างที่ใช้ในงานพิมพ์และสำนักงานเพื่อเติมเต็มพื้นที่ว่างในเอกสารหรือการออกแบบเว็บไซต์ ข้อความนี้มักถูกสุ่มเลือกมาจากตอนท้ายของหนังสือโดยปกติแล้วจะเป็นข้อความภาษาละติน แต่ผมคิดว่าเราสามารถใช้ข้อความภาษาไทยแทนได้ แต่ต้องระวังตัวอักษรที่ไม่เข้ากันในการสุ่มเลือกนะครับ', ''),
('พ32102', 'สุขศึกษา', 'ผมขออธิบายถึงคุณว่า Lorem Ipsum คือข้อความตัวอย่างที่ใช้ในงานพิมพ์และสำนักงานเพื่อเติมเต็มพื้นที่ว่างในเอกสารหรือการออกแบบเว็บไซต์ ข้อความนี้มักถูกสุ่มเลือกมาจากตอนท้ายของหนังสือโดยปกติแล้วจะเป็นข้อความภาษาละติน แต่ผมคิดว่าเราสามารถใช้ข้อความภาษาไทยแทนได้ แต่ต้องระวังตัวอักษรที่ไม่เข้ากันในการสุ่มเลือกนะครับ', ''),
('พ32202', 'พละศึกษา', 'ผมขออธิบายถึงคุณว่า Lorem Ipsum คือข้อความตัวอย่างที่ใช้ในงานพิมพ์และสำนักงานเพื่อเติมเต็มพื้นที่ว่างในเอกสารหรือการออกแบบเว็บไซต์ ข้อความนี้มักถูกสุ่มเลือกมาจากตอนท้ายของหนังสือโดยปกติแล้วจะเป็นข้อความภาษาละติน แต่ผมคิดว่าเราสามารถใช้ข้อความภาษาไทยแทนได้ แต่ต้องระวังตัวอักษรที่ไม่เข้ากันในการสุ่มเลือกนะครับ', ''),
('พ33102', 'พละศึกษา', 'ผมขออธิบายถึงคุณว่า Lorem Ipsum คือข้อความตัวอย่างที่ใช้ในงานพิมพ์และสำนักงานเพื่อเติมเต็มพื้นที่ว่างในเอกสารหรือการออกแบบเว็บไซต์ ข้อความนี้มักถูกสุ่มเลือกมาจากตอนท้ายของหนังสือโดยปกติแล้วจะเป็นข้อความภาษาละติน แต่ผมคิดว่าเราสามารถใช้ข้อความภาษาไทยแทนได้ แต่ต้องระวังตัวอักษรที่ไม่เข้ากันในการสุ่มเลือกนะครับ', ''),
('พ33202', 'สุขศึกษา', 'ผมขออธิบายถึงคุณว่า Lorem Ipsum คือข้อความตัวอย่างที่ใช้ในงานพิมพ์และสำนักงานเพื่อเติมเต็มพื้นที่ว่างในเอกสารหรือการออกแบบเว็บไซต์ ข้อความนี้มักถูกสุ่มเลือกมาจากตอนท้ายของหนังสือโดยปกติแล้วจะเป็นข้อความภาษาละติน แต่ผมคิดว่าเราสามารถใช้ข้อความภาษาไทยแทนได้ แต่ต้องระวังตัวอักษรที่ไม่เข้ากันในการสุ่มเลือกนะครับ', ''),
('ว21102', 'วิทยาศาสตร์', 'ผมขออธิบายถึงคุณว่า Lorem Ipsum คือข้อความตัวอย่างที่ใช้ในงานพิมพ์และสำนักงานเพื่อเติมเต็มพื้นที่ว่างในเอกสารหรือการออกแบบเว็บไซต์ ข้อความนี้มักถูกสุ่มเลือกมาจากตอนท้ายของหนังสือโดยปกติแล้วจะเป็นข้อความภาษาละติน แต่ผมคิดว่าเราสามารถใช้ข้อความภาษาไทยแทนได้ แต่ต้องระวังตัวอักษรที่ไม่เข้ากันในการสุ่มเลือกนะครับ', ''),
('ว21104', 'ฟิสิกส์', 'ผมขออธิบายถึงคุณว่า Lorem Ipsum คือข้อความตัวอย่างที่ใช้ในงานพิมพ์และสำนักงานเพื่อเติมเต็มพื้นที่ว่างในเอกสารหรือการออกแบบเว็บไซต์ ข้อความนี้มักถูกสุ่มเลือกมาจากตอนท้ายของหนังสือโดยปกติแล้วจะเป็นข้อความภาษาละติน แต่ผมคิดว่าเราสามารถใช้ข้อความภาษาไทยแทนได้ แต่ต้องระวังตัวอักษรที่ไม่เข้ากันในการสุ่มเลือกนะครับ', ''),
('ว21202', 'เคมี', 'ผมขออธิบายถึงคุณว่า Lorem Ipsum คือข้อความตัวอย่างที่ใช้ในงานพิมพ์และสำนักงานเพื่อเติมเต็มพื้นที่ว่างในเอกสารหรือการออกแบบเว็บไซต์ ข้อความนี้มักถูกสุ่มเลือกมาจากตอนท้ายของหนังสือโดยปกติแล้วจะเป็นข้อความภาษาละติน แต่ผมคิดว่าเราสามารถใช้ข้อความภาษาไทยแทนได้ แต่ต้องระวังตัวอักษรที่ไม่เข้ากันในการสุ่มเลือกนะครับ', ''),
('ว22104', 'ฟิสิกส์', 'ผมขออธิบายถึงคุณว่า Lorem Ipsum คือข้อความตัวอย่างที่ใช้ในงานพิมพ์และสำนักงานเพื่อเติมเต็มพื้นที่ว่างในเอกสารหรือการออกแบบเว็บไซต์ ข้อความนี้มักถูกสุ่มเลือกมาจากตอนท้ายของหนังสือโดยปกติแล้วจะเป็นข้อความภาษาละติน แต่ผมคิดว่าเราสามารถใช้ข้อความภาษาไทยแทนได้ แต่ต้องระวังตัวอักษรที่ไม่เข้ากันในการสุ่มเลือกนะครับ', ''),
('ว22202', 'วิทยาศาสตร์', 'ผมขออธิบายถึงคุณว่า Lorem Ipsum คือข้อความตัวอย่างที่ใช้ในงานพิมพ์และสำนักงานเพื่อเติมเต็มพื้นที่ว่างในเอกสารหรือการออกแบบเว็บไซต์ ข้อความนี้มักถูกสุ่มเลือกมาจากตอนท้ายของหนังสือโดยปกติแล้วจะเป็นข้อความภาษาละติน แต่ผมคิดว่าเราสามารถใช้ข้อความภาษาไทยแทนได้ แต่ต้องระวังตัวอักษรที่ไม่เข้ากันในการสุ่มเลือกนะครับ', ''),
('ว22208', 'เคมี', 'ผมขออธิบายถึงคุณว่า Lorem Ipsum คือข้อความตัวอย่างที่ใช้ในงานพิมพ์และสำนักงานเพื่อเติมเต็มพื้นที่ว่างในเอกสารหรือการออกแบบเว็บไซต์ ข้อความนี้มักถูกสุ่มเลือกมาจากตอนท้ายของหนังสือโดยปกติแล้วจะเป็นข้อความภาษาละติน แต่ผมคิดว่าเราสามารถใช้ข้อความภาษาไทยแทนได้ แต่ต้องระวังตัวอักษรที่ไม่เข้ากันในการสุ่มเลือกนะครับ', ''),
('ว23102', '                เคมี', 'ผมขออธิบายถึงคุณว่า Lorem Ipsum คือข้อความตัวอย่างที่ใช้ในงานพิมพ์และสำนักงานเพื่อเติมเต็มพื้นที่ว่างในเอกสารหรือการออกแบบเว็บไซต์ ข้อความนี้มักถูกสุ่มเลือกมาจากตอนท้ายของหนังสือโดยปกติแล้วจะเป็นข้อความภาษาละติน แต่ผมคิดว่าเราสามารถใช้ข้อความภาษาไทยแทนได้ แต่ต้องระวังตัวอักษรที่ไม่เข้ากันในการสุ่มเลือกนะครับ', ''),
('ว23104', 'ฟิสิกส์', 'ผมขออธิบายถึงคุณว่า Lorem Ipsum คือข้อความตัวอย่างที่ใช้ในงานพิมพ์และสำนักงานเพื่อเติมเต็มพื้นที่ว่างในเอกสารหรือการออกแบบเว็บไซต์ ข้อความนี้มักถูกสุ่มเลือกมาจากตอนท้ายของหนังสือโดยปกติแล้วจะเป็นข้อความภาษาละติน แต่ผมคิดว่าเราสามารถใช้ข้อความภาษาไทยแทนได้ แต่ต้องระวังตัวอักษรที่ไม่เข้ากันในการสุ่มเลือกนะครับ', ''),
('ว23202', 'ชีวะ', 'ผมขออธิบายถึงคุณว่า Lorem Ipsum คือข้อความตัวอย่างที่ใช้ในงานพิมพ์และสำนักงานเพื่อเติมเต็มพื้นที่ว่างในเอกสารหรือการออกแบบเว็บไซต์ ข้อความนี้มักถูกสุ่มเลือกมาจากตอนท้ายของหนังสือโดยปกติแล้วจะเป็นข้อความภาษาละติน แต่ผมคิดว่าเราสามารถใช้ข้อความภาษาไทยแทนได้ แต่ต้องระวังตัวอักษรที่ไม่เข้ากันในการสุ่มเลือกนะครับ', ''),
('ว30202', 'ดาราศาสตร์', 'ผมขออธิบายถึงคุณว่า Lorem Ipsum คือข้อความตัวอย่างที่ใช้ในงานพิมพ์และสำนักงานเพื่อเติมเต็มพื้นที่ว่างในเอกสารหรือการออกแบบเว็บไซต์ ข้อความนี้มักถูกสุ่มเลือกมาจากตอนท้ายของหนังสือโดยปกติแล้วจะเป็นข้อความภาษาละติน แต่ผมคิดว่าเราสามารถใช้ข้อความภาษาไทยแทนได้ แต่ต้องระวังตัวอักษรที่ไม่เข้ากันในการสุ่มเลือกนะครับ', ''),
('ว30204', 'เคมี', 'ผมขออธิบายถึงคุณว่า Lorem Ipsum คือข้อความตัวอย่างที่ใช้ในงานพิมพ์และสำนักงานเพื่อเติมเต็มพื้นที่ว่างในเอกสารหรือการออกแบบเว็บไซต์ ข้อความนี้มักถูกสุ่มเลือกมาจากตอนท้ายของหนังสือโดยปกติแล้วจะเป็นข้อความภาษาละติน แต่ผมคิดว่าเราสามารถใช้ข้อความภาษาไทยแทนได้ แต่ต้องระวังตัวอักษรที่ไม่เข้ากันในการสุ่มเลือกนะครับ', ''),
('ว30222', 'เคมี', 'ผมขออธิบายถึงคุณว่า Lorem Ipsum คือข้อความตัวอย่างที่ใช้ในงานพิมพ์และสำนักงานเพื่อเติมเต็มพื้นที่ว่างในเอกสารหรือการออกแบบเว็บไซต์ ข้อความนี้มักถูกสุ่มเลือกมาจากตอนท้ายของหนังสือโดยปกติแล้วจะเป็นข้อความภาษาละติน แต่ผมคิดว่าเราสามารถใช้ข้อความภาษาไทยแทนได้ แต่ต้องระวังตัวอักษรที่ไม่เข้ากันในการสุ่มเลือกนะครับ', ''),
('ว30224', 'ชีวะ', 'ผมขออธิบายถึงคุณว่า Lorem Ipsum คือข้อความตัวอย่างที่ใช้ในงานพิมพ์และสำนักงานเพื่อเติมเต็มพื้นที่ว่างในเอกสารหรือการออกแบบเว็บไซต์ ข้อความนี้มักถูกสุ่มเลือกมาจากตอนท้ายของหนังสือโดยปกติแล้วจะเป็นข้อความภาษาละติน แต่ผมคิดว่าเราสามารถใช้ข้อความภาษาไทยแทนได้ แต่ต้องระวังตัวอักษรที่ไม่เข้ากันในการสุ่มเลือกนะครับ', ''),
('ว30226', 'เคมี', 'ผมขออธิบายถึงคุณว่า Lorem Ipsum คือข้อความตัวอย่างที่ใช้ในงานพิมพ์และสำนักงานเพื่อเติมเต็มพื้นที่ว่างในเอกสารหรือการออกแบบเว็บไซต์ ข้อความนี้มักถูกสุ่มเลือกมาจากตอนท้ายของหนังสือโดยปกติแล้วจะเป็นข้อความภาษาละติน แต่ผมคิดว่าเราสามารถใช้ข้อความภาษาไทยแทนได้ แต่ต้องระวังตัวอักษรที่ไม่เข้ากันในการสุ่มเลือกนะครับ', ''),
('ว30242', 'ชีวะ', 'ผมขออธิบายถึงคุณว่า Lorem Ipsum คือข้อความตัวอย่างที่ใช้ในงานพิมพ์และสำนักงานเพื่อเติมเต็มพื้นที่ว่างในเอกสารหรือการออกแบบเว็บไซต์ ข้อความนี้มักถูกสุ่มเลือกมาจากตอนท้ายของหนังสือโดยปกติแล้วจะเป็นข้อความภาษาละติน แต่ผมคิดว่าเราสามารถใช้ข้อความภาษาไทยแทนได้ แต่ต้องระวังตัวอักษรที่ไม่เข้ากันในการสุ่มเลือกนะครับ', ''),
('ว30244', 'วิทยาศาสตร์', 'ผมขออธิบายถึงคุณว่า Lorem Ipsum คือข้อความตัวอย่างที่ใช้ในงานพิมพ์และสำนักงานเพื่อเติมเต็มพื้นที่ว่างในเอกสารหรือการออกแบบเว็บไซต์ ข้อความนี้มักถูกสุ่มเลือกมาจากตอนท้ายของหนังสือโดยปกติแล้วจะเป็นข้อความภาษาละติน แต่ผมคิดว่าเราสามารถใช้ข้อความภาษาไทยแทนได้ แต่ต้องระวังตัวอักษรที่ไม่เข้ากันในการสุ่มเลือกนะครับ', ''),
('ว30246', 'ฟิสิกส์', 'ผมขออธิบายถึงคุณว่า Lorem Ipsum คือข้อความตัวอย่างที่ใช้ในงานพิมพ์และสำนักงานเพื่อเติมเต็มพื้นที่ว่างในเอกสารหรือการออกแบบเว็บไซต์ ข้อความนี้มักถูกสุ่มเลือกมาจากตอนท้ายของหนังสือโดยปกติแล้วจะเป็นข้อความภาษาละติน แต่ผมคิดว่าเราสามารถใช้ข้อความภาษาไทยแทนได้ แต่ต้องระวังตัวอักษรที่ไม่เข้ากันในการสุ่มเลือกนะครับ', ''),
('ว30292', 'ฟิสิกส์', 'ผมขออธิบายถึงคุณว่า Lorem Ipsum คือข้อความตัวอย่างที่ใช้ในงานพิมพ์และสำนักงานเพื่อเติมเต็มพื้นที่ว่างในเอกสารหรือการออกแบบเว็บไซต์ ข้อความนี้มักถูกสุ่มเลือกมาจากตอนท้ายของหนังสือโดยปกติแล้วจะเป็นข้อความภาษาละติน แต่ผมคิดว่าเราสามารถใช้ข้อความภาษาไทยแทนได้ แต่ต้องระวังตัวอักษรที่ไม่เข้ากันในการสุ่มเลือกนะครับ', ''),
('ว31102', 'วิทยาศาสตร์', 'ผมขออธิบายถึงคุณว่า Lorem Ipsum คือข้อความตัวอย่างที่ใช้ในงานพิมพ์และสำนักงานเพื่อเติมเต็มพื้นที่ว่างในเอกสารหรือการออกแบบเว็บไซต์ ข้อความนี้มักถูกสุ่มเลือกมาจากตอนท้ายของหนังสือโดยปกติแล้วจะเป็นข้อความภาษาละติน แต่ผมคิดว่าเราสามารถใช้ข้อความภาษาไทยแทนได้ แต่ต้องระวังตัวอักษรที่ไม่เข้ากันในการสุ่มเลือกนะครับ', ''),
('ว31104', 'วิทยาศาสตร์เพิ่มเติม', 'ผมขออธิบายถึงคุณว่า Lorem Ipsum คือข้อความตัวอย่างที่ใช้ในงานพิมพ์และสำนักงานเพื่อเติมเต็มพื้นที่ว่างในเอกสารหรือการออกแบบเว็บไซต์ ข้อความนี้มักถูกสุ่มเลือกมาจากตอนท้ายของหนังสือโดยปกติแล้วจะเป็นข้อความภาษาละติน แต่ผมคิดว่าเราสามารถใช้ข้อความภาษาไทยแทนได้ แต่ต้องระวังตัวอักษรที่ไม่เข้ากันในการสุ่มเลือกนะครับ', ''),
('ว32102', 'ฟิสิกส์', 'ผมขออธิบายถึงคุณว่า Lorem Ipsum คือข้อความตัวอย่างที่ใช้ในงานพิมพ์และสำนักงานเพื่อเติมเต็มพื้นที่ว่างในเอกสารหรือการออกแบบเว็บไซต์ ข้อความนี้มักถูกสุ่มเลือกมาจากตอนท้ายของหนังสือโดยปกติแล้วจะเป็นข้อความภาษาละติน แต่ผมคิดว่าเราสามารถใช้ข้อความภาษาไทยแทนได้ แต่ต้องระวังตัวอักษรที่ไม่เข้ากันในการสุ่มเลือกนะครับ', ''),
('ว32104', 'ดาราศาสตร์', 'ผมขออธิบายถึงคุณว่า Lorem Ipsum คือข้อความตัวอย่างที่ใช้ในงานพิมพ์และสำนักงานเพื่อเติมเต็มพื้นที่ว่างในเอกสารหรือการออกแบบเว็บไซต์ ข้อความนี้มักถูกสุ่มเลือกมาจากตอนท้ายของหนังสือโดยปกติแล้วจะเป็นข้อความภาษาละติน แต่ผมคิดว่าเราสามารถใช้ข้อความภาษาไทยแทนได้ แต่ต้องระวังตัวอักษรที่ไม่เข้ากันในการสุ่มเลือกนะครับ', ''),
('ว33102', 'วิทยาศาสตร์', 'ผมขออธิบายถึงคุณว่า Lorem Ipsum คือข้อความตัวอย่างที่ใช้ในงานพิมพ์และสำนักงานเพื่อเติมเต็มพื้นที่ว่างในเอกสารหรือการออกแบบเว็บไซต์ ข้อความนี้มักถูกสุ่มเลือกมาจากตอนท้ายของหนังสือโดยปกติแล้วจะเป็นข้อความภาษาละติน แต่ผมคิดว่าเราสามารถใช้ข้อความภาษาไทยแทนได้ แต่ต้องระวังตัวอักษรที่ไม่เข้ากันในการสุ่มเลือกนะครับ', ''),
('ศ21102', 'ศิลปะ', 'ผมขออธิบายถึงคุณว่า Lorem Ipsum คือข้อความตัวอย่างที่ใช้ในงานพิมพ์และสำนักงานเพื่อเติมเต็มพื้นที่ว่างในเอกสารหรือการออกแบบเว็บไซต์ ข้อความนี้มักถูกสุ่มเลือกมาจากตอนท้ายของหนังสือโดยปกติแล้วจะเป็นข้อความภาษาละติน แต่ผมคิดว่าเราสามารถใช้ข้อความภาษาไทยแทนได้ แต่ต้องระวังตัวอักษรที่ไม่เข้ากันในการสุ่มเลือกนะครับ', ''),
('ศ22102', 'ศิลปะ', 'ผมขออธิบายถึงคุณว่า Lorem Ipsum คือข้อความตัวอย่างที่ใช้ในงานพิมพ์และสำนักงานเพื่อเติมเต็มพื้นที่ว่างในเอกสารหรือการออกแบบเว็บไซต์ ข้อความนี้มักถูกสุ่มเลือกมาจากตอนท้ายของหนังสือโดยปกติแล้วจะเป็นข้อความภาษาละติน แต่ผมคิดว่าเราสามารถใช้ข้อความภาษาไทยแทนได้ แต่ต้องระวังตัวอักษรที่ไม่เข้ากันในการสุ่มเลือกนะครับ', ''),
('ศ23102', '               ศิลปะ', 'ผมขออธิบายถึงคุณว่า Lorem Ipsum คือข้อความตัวอย่างที่ใช้ในงานพิมพ์และสำนักงานเพื่อเติมเต็มพื้นที่ว่างในเอกสารหรือการออกแบบเว็บไซต์ ข้อความนี้มักถูกสุ่มเลือกมาจากตอนท้ายของหนังสือโดยปกติแล้วจะเป็นข้อความภาษาละติน แต่ผมคิดว่าเราสามารถใช้ข้อความภาษาไทยแทนได้ แต่ต้องระวังตัวอักษรที่ไม่เข้ากันในการสุ่มเลือกนะครับ', ''),
('ศ31102', 'ศิลปะ', 'ผมขออธิบายถึงคุณว่า Lorem Ipsum คือข้อความตัวอย่างที่ใช้ในงานพิมพ์และสำนักงานเพื่อเติมเต็มพื้นที่ว่างในเอกสารหรือการออกแบบเว็บไซต์ ข้อความนี้มักถูกสุ่มเลือกมาจากตอนท้ายของหนังสือโดยปกติแล้วจะเป็นข้อความภาษาละติน แต่ผมคิดว่าเราสามารถใช้ข้อความภาษาไทยแทนได้ แต่ต้องระวังตัวอักษรที่ไม่เข้ากันในการสุ่มเลือกนะครับ', ''),
('ศ33102', 'ศิลปะ', 'ผมขออธิบายถึงคุณว่า Lorem Ipsum คือข้อความตัวอย่างที่ใช้ในงานพิมพ์และสำนักงานเพื่อเติมเต็มพื้นที่ว่างในเอกสารหรือการออกแบบเว็บไซต์ ข้อความนี้มักถูกสุ่มเลือกมาจากตอนท้ายของหนังสือโดยปกติแล้วจะเป็นข้อความภาษาละติน แต่ผมคิดว่าเราสามารถใช้ข้อความภาษาไทยแทนได้ แต่ต้องระวังตัวอักษรที่ไม่เข้ากันในการสุ่มเลือกนะครับ', ''),
('ส21102', 'สังคม', 'ผมขออธิบายถึงคุณว่า Lorem Ipsum คือข้อความตัวอย่างที่ใช้ในงานพิมพ์และสำนักงานเพื่อเติมเต็มพื้นที่ว่างในเอกสารหรือการออกแบบเว็บไซต์ ข้อความนี้มักถูกสุ่มเลือกมาจากตอนท้ายของหนังสือโดยปกติแล้วจะเป็นข้อความภาษาละติน แต่ผมคิดว่าเราสามารถใช้ข้อความภาษาไทยแทนได้ แต่ต้องระวังตัวอักษรที่ไม่เข้ากันในการสุ่มเลือกนะครับ', ''),
('ส21104', 'ประวัติศาสตร์', 'ผมขออธิบายถึงคุณว่า Lorem Ipsum คือข้อความตัวอย่างที่ใช้ในงานพิมพ์และสำนักงานเพื่อเติมเต็มพื้นที่ว่างในเอกสารหรือการออกแบบเว็บไซต์ ข้อความนี้มักถูกสุ่มเลือกมาจากตอนท้ายของหนังสือโดยปกติแล้วจะเป็นข้อความภาษาละติน แต่ผมคิดว่าเราสามารถใช้ข้อความภาษาไทยแทนได้ แต่ต้องระวังตัวอักษรที่ไม่เข้ากันในการสุ่มเลือกนะครับ', ''),
('ส22102', 'สังคม', 'ผมขออธิบายถึงคุณว่า Lorem Ipsum คือข้อความตัวอย่างที่ใช้ในงานพิมพ์และสำนักงานเพื่อเติมเต็มพื้นที่ว่างในเอกสารหรือการออกแบบเว็บไซต์ ข้อความนี้มักถูกสุ่มเลือกมาจากตอนท้ายของหนังสือโดยปกติแล้วจะเป็นข้อความภาษาละติน แต่ผมคิดว่าเราสามารถใช้ข้อความภาษาไทยแทนได้ แต่ต้องระวังตัวอักษรที่ไม่เข้ากันในการสุ่มเลือกนะครับ', ''),
('ส22104', 'ประวัติศาสตร์', 'ผมขออธิบายถึงคุณว่า Lorem Ipsum คือข้อความตัวอย่างที่ใช้ในงานพิมพ์และสำนักงานเพื่อเติมเต็มพื้นที่ว่างในเอกสารหรือการออกแบบเว็บไซต์ ข้อความนี้มักถูกสุ่มเลือกมาจากตอนท้ายของหนังสือโดยปกติแล้วจะเป็นข้อความภาษาละติน แต่ผมคิดว่าเราสามารถใช้ข้อความภาษาไทยแทนได้ แต่ต้องระวังตัวอักษรที่ไม่เข้ากันในการสุ่มเลือกนะครับ', ''),
('ส22234', 'หน้าที่พลเมือง', 'ผมขออธิบายถึงคุณว่า Lorem Ipsum คือข้อความตัวอย่างที่ใช้ในงานพิมพ์และสำนักงานเพื่อเติมเต็มพื้นที่ว่างในเอกสารหรือการออกแบบเว็บไซต์ ข้อความนี้มักถูกสุ่มเลือกมาจากตอนท้ายของหนังสือโดยปกติแล้วจะเป็นข้อความภาษาละติน แต่ผมคิดว่าเราสามารถใช้ข้อความภาษาไทยแทนได้ แต่ต้องระวังตัวอักษรที่ไม่เข้ากันในการสุ่มเลือกนะครับ', ''),
('ส23102', 'หน้าที่พลเมือง', 'ผมขออธิบายถึงคุณว่า Lorem Ipsum คือข้อความตัวอย่างที่ใช้ในงานพิมพ์และสำนักงานเพื่อเติมเต็มพื้นที่ว่างในเอกสารหรือการออกแบบเว็บไซต์ ข้อความนี้มักถูกสุ่มเลือกมาจากตอนท้ายของหนังสือโดยปกติแล้วจะเป็นข้อความภาษาละติน แต่ผมคิดว่าเราสามารถใช้ข้อความภาษาไทยแทนได้ แต่ต้องระวังตัวอักษรที่ไม่เข้ากันในการสุ่มเลือกนะครับ', ''),
('ส23104', 'สังคม', 'ผมขออธิบายถึงคุณว่า Lorem Ipsum คือข้อความตัวอย่างที่ใช้ในงานพิมพ์และสำนักงานเพื่อเติมเต็มพื้นที่ว่างในเอกสารหรือการออกแบบเว็บไซต์ ข้อความนี้มักถูกสุ่มเลือกมาจากตอนท้ายของหนังสือโดยปกติแล้วจะเป็นข้อความภาษาละติน แต่ผมคิดว่าเราสามารถใช้ข้อความภาษาไทยแทนได้ แต่ต้องระวังตัวอักษรที่ไม่เข้ากันในการสุ่มเลือกนะครับ', ''),
('ส23236', 'ประวัติศาสตร์', 'ผมขออธิบายถึงคุณว่า Lorem Ipsum คือข้อความตัวอย่างที่ใช้ในงานพิมพ์และสำนักงานเพื่อเติมเต็มพื้นที่ว่างในเอกสารหรือการออกแบบเว็บไซต์ ข้อความนี้มักถูกสุ่มเลือกมาจากตอนท้ายของหนังสือโดยปกติแล้วจะเป็นข้อความภาษาละติน แต่ผมคิดว่าเราสามารถใช้ข้อความภาษาไทยแทนได้ แต่ต้องระวังตัวอักษรที่ไม่เข้ากันในการสุ่มเลือกนะครับ', ''),
('ส30234', 'สังคม', 'ผมขออธิบายถึงคุณว่า Lorem Ipsum คือข้อความตัวอย่างที่ใช้ในงานพิมพ์และสำนักงานเพื่อเติมเต็มพื้นที่ว่างในเอกสารหรือการออกแบบเว็บไซต์ ข้อความนี้มักถูกสุ่มเลือกมาจากตอนท้ายของหนังสือโดยปกติแล้วจะเป็นข้อความภาษาละติน แต่ผมคิดว่าเราสามารถใช้ข้อความภาษาไทยแทนได้ แต่ต้องระวังตัวอักษรที่ไม่เข้ากันในการสุ่มเลือกนะครับ', ''),
('ส31102', 'สังคม', 'ผมขออธิบายถึงคุณว่า Lorem Ipsum คือข้อความตัวอย่างที่ใช้ในงานพิมพ์และสำนักงานเพื่อเติมเต็มพื้นที่ว่างในเอกสารหรือการออกแบบเว็บไซต์ ข้อความนี้มักถูกสุ่มเลือกมาจากตอนท้ายของหนังสือโดยปกติแล้วจะเป็นข้อความภาษาละติน แต่ผมคิดว่าเราสามารถใช้ข้อความภาษาไทยแทนได้ แต่ต้องระวังตัวอักษรที่ไม่เข้ากันในการสุ่มเลือกนะครับ', ''),
('ส31104', 'ประวัติศาสตร์', 'ผมขออธิบายถึงคุณว่า Lorem Ipsum คือข้อความตัวอย่างที่ใช้ในงานพิมพ์และสำนักงานเพื่อเติมเต็มพื้นที่ว่างในเอกสารหรือการออกแบบเว็บไซต์ ข้อความนี้มักถูกสุ่มเลือกมาจากตอนท้ายของหนังสือโดยปกติแล้วจะเป็นข้อความภาษาละติน แต่ผมคิดว่าเราสามารถใช้ข้อความภาษาไทยแทนได้ แต่ต้องระวังตัวอักษรที่ไม่เข้ากันในการสุ่มเลือกนะครับ', ''),
('ส31106', 'หน้าที่พลเมือง', 'ผมขออธิบายถึงคุณว่า Lorem Ipsum คือข้อความตัวอย่างที่ใช้ในงานพิมพ์และสำนักงานเพื่อเติมเต็มพื้นที่ว่างในเอกสารหรือการออกแบบเว็บไซต์ ข้อความนี้มักถูกสุ่มเลือกมาจากตอนท้ายของหนังสือโดยปกติแล้วจะเป็นข้อความภาษาละติน แต่ผมคิดว่าเราสามารถใช้ข้อความภาษาไทยแทนได้ แต่ต้องระวังตัวอักษรที่ไม่เข้ากันในการสุ่มเลือกนะครับ', ''),
('ส32102', 'สังคม', 'ผมขออธิบายถึงคุณว่า Lorem Ipsum คือข้อความตัวอย่างที่ใช้ในงานพิมพ์และสำนักงานเพื่อเติมเต็มพื้นที่ว่างในเอกสารหรือการออกแบบเว็บไซต์ ข้อความนี้มักถูกสุ่มเลือกมาจากตอนท้ายของหนังสือโดยปกติแล้วจะเป็นข้อความภาษาละติน แต่ผมคิดว่าเราสามารถใช้ข้อความภาษาไทยแทนได้ แต่ต้องระวังตัวอักษรที่ไม่เข้ากันในการสุ่มเลือกนะครับ', ''),
('ส32106', 'ประวัติศาสตร์', 'ผมขออธิบายถึงคุณว่า Lorem Ipsum คือข้อความตัวอย่างที่ใช้ในงานพิมพ์และสำนักงานเพื่อเติมเต็มพื้นที่ว่างในเอกสารหรือการออกแบบเว็บไซต์ ข้อความนี้มักถูกสุ่มเลือกมาจากตอนท้ายของหนังสือโดยปกติแล้วจะเป็นข้อความภาษาละติน แต่ผมคิดว่าเราสามารถใช้ข้อความภาษาไทยแทนได้ แต่ต้องระวังตัวอักษรที่ไม่เข้ากันในการสุ่มเลือกนะครับ', ''),
('ส33102', 'พุทธศาสนา', 'ผมขออธิบายถึงคุณว่า Lorem Ipsum คือข้อความตัวอย่างที่ใช้ในงานพิมพ์และสำนักงานเพื่อเติมเต็มพื้นที่ว่างในเอกสารหรือการออกแบบเว็บไซต์ ข้อความนี้มักถูกสุ่มเลือกมาจากตอนท้ายของหนังสือโดยปกติแล้วจะเป็นข้อความภาษาละติน แต่ผมคิดว่าเราสามารถใช้ข้อความภาษาไทยแทนได้ แต่ต้องระวังตัวอักษรที่ไม่เข้ากันในการสุ่มเลือกนะครับ', ''),
('ส33104', 'ประวัติศาสตร์', 'ผมขออธิบายถึงคุณว่า Lorem Ipsum คือข้อความตัวอย่างที่ใช้ในงานพิมพ์และสำนักงานเพื่อเติมเต็มพื้นที่ว่างในเอกสารหรือการออกแบบเว็บไซต์ ข้อความนี้มักถูกสุ่มเลือกมาจากตอนท้ายของหนังสือโดยปกติแล้วจะเป็นข้อความภาษาละติน แต่ผมคิดว่าเราสามารถใช้ข้อความภาษาไทยแทนได้ แต่ต้องระวังตัวอักษรที่ไม่เข้ากันในการสุ่มเลือกนะครับ', ''),
('อ21102', 'อังกฤษ', 'ผมขออธิบายถึงคุณว่า Lorem Ipsum คือข้อความตัวอย่างที่ใช้ในงานพิมพ์และสำนักงานเพื่อเติมเต็มพื้นที่ว่างในเอกสารหรือการออกแบบเว็บไซต์ ข้อความนี้มักถูกสุ่มเลือกมาจากตอนท้ายของหนังสือโดยปกติแล้วจะเป็นข้อความภาษาละติน แต่ผมคิดว่าเราสามารถใช้ข้อความภาษาไทยแทนได้ แต่ต้องระวังตัวอักษรที่ไม่เข้ากันในการสุ่มเลือกนะครับ', ''),
('อ21202', 'อังกฤษ', 'ผมขออธิบายถึงคุณว่า Lorem Ipsum คือข้อความตัวอย่างที่ใช้ในงานพิมพ์และสำนักงานเพื่อเติมเต็มพื้นที่ว่างในเอกสารหรือการออกแบบเว็บไซต์ ข้อความนี้มักถูกสุ่มเลือกมาจากตอนท้ายของหนังสือโดยปกติแล้วจะเป็นข้อความภาษาละติน แต่ผมคิดว่าเราสามารถใช้ข้อความภาษาไทยแทนได้ แต่ต้องระวังตัวอักษรที่ไม่เข้ากันในการสุ่มเลือกนะครับ', ''),
('อ21204', 'อังกฤษ', 'ผมขออธิบายถึงคุณว่า Lorem Ipsum คือข้อความตัวอย่างที่ใช้ในงานพิมพ์และสำนักงานเพื่อเติมเต็มพื้นที่ว่างในเอกสารหรือการออกแบบเว็บไซต์ ข้อความนี้มักถูกสุ่มเลือกมาจากตอนท้ายของหนังสือโดยปกติแล้วจะเป็นข้อความภาษาละติน แต่ผมคิดว่าเราสามารถใช้ข้อความภาษาไทยแทนได้ แต่ต้องระวังตัวอักษรที่ไม่เข้ากันในการสุ่มเลือกนะครับ', ''),
('อ22102', 'อังกฤษ', 'ผมขออธิบายถึงคุณว่า Lorem Ipsum คือข้อความตัวอย่างที่ใช้ในงานพิมพ์และสำนักงานเพื่อเติมเต็มพื้นที่ว่างในเอกสารหรือการออกแบบเว็บไซต์ ข้อความนี้มักถูกสุ่มเลือกมาจากตอนท้ายของหนังสือโดยปกติแล้วจะเป็นข้อความภาษาละติน แต่ผมคิดว่าเราสามารถใช้ข้อความภาษาไทยแทนได้ แต่ต้องระวังตัวอักษรที่ไม่เข้ากันในการสุ่มเลือกนะครับ', ''),
('อ22202', 'อังกฤษ', 'ผมขออธิบายถึงคุณว่า Lorem Ipsum คือข้อความตัวอย่างที่ใช้ในงานพิมพ์และสำนักงานเพื่อเติมเต็มพื้นที่ว่างในเอกสารหรือการออกแบบเว็บไซต์ ข้อความนี้มักถูกสุ่มเลือกมาจากตอนท้ายของหนังสือโดยปกติแล้วจะเป็นข้อความภาษาละติน แต่ผมคิดว่าเราสามารถใช้ข้อความภาษาไทยแทนได้ แต่ต้องระวังตัวอักษรที่ไม่เข้ากันในการสุ่มเลือกนะครับ', ''),
('อ22204', 'อังกฤษ', 'ผมขออธิบายถึงคุณว่า Lorem Ipsum คือข้อความตัวอย่างที่ใช้ในงานพิมพ์และสำนักงานเพื่อเติมเต็มพื้นที่ว่างในเอกสารหรือการออกแบบเว็บไซต์ ข้อความนี้มักถูกสุ่มเลือกมาจากตอนท้ายของหนังสือโดยปกติแล้วจะเป็นข้อความภาษาละติน แต่ผมคิดว่าเราสามารถใช้ข้อความภาษาไทยแทนได้ แต่ต้องระวังตัวอักษรที่ไม่เข้ากันในการสุ่มเลือกนะครับ', ''),
('อ23102', 'อังกฤษ', 'ผมขออธิบายถึงคุณว่า Lorem Ipsum คือข้อความตัวอย่างที่ใช้ในงานพิมพ์และสำนักงานเพื่อเติมเต็มพื้นที่ว่างในเอกสารหรือการออกแบบเว็บไซต์ ข้อความนี้มักถูกสุ่มเลือกมาจากตอนท้ายของหนังสือโดยปกติแล้วจะเป็นข้อความภาษาละติน แต่ผมคิดว่าเราสามารถใช้ข้อความภาษาไทยแทนได้ แต่ต้องระวังตัวอักษรที่ไม่เข้ากันในการสุ่มเลือกนะครับ', ''),
('อ23202', 'อังกฤษ', 'ผมขออธิบายถึงคุณว่า Lorem Ipsum คือข้อความตัวอย่างที่ใช้ในงานพิมพ์และสำนักงานเพื่อเติมเต็มพื้นที่ว่างในเอกสารหรือการออกแบบเว็บไซต์ ข้อความนี้มักถูกสุ่มเลือกมาจากตอนท้ายของหนังสือโดยปกติแล้วจะเป็นข้อความภาษาละติน แต่ผมคิดว่าเราสามารถใช้ข้อความภาษาไทยแทนได้ แต่ต้องระวังตัวอักษรที่ไม่เข้ากันในการสุ่มเลือกนะครับ', ''),
('อ23204', 'อังกฤษ', 'ผมขออธิบายถึงคุณว่า Lorem Ipsum คือข้อความตัวอย่างที่ใช้ในงานพิมพ์และสำนักงานเพื่อเติมเต็มพื้นที่ว่างในเอกสารหรือการออกแบบเว็บไซต์ ข้อความนี้มักถูกสุ่มเลือกมาจากตอนท้ายของหนังสือโดยปกติแล้วจะเป็นข้อความภาษาละติน แต่ผมคิดว่าเราสามารถใช้ข้อความภาษาไทยแทนได้ แต่ต้องระวังตัวอักษรที่ไม่เข้ากันในการสุ่มเลือกนะครับ', ''),
('อ31102', 'ภาษาเขมร', 'ผมขออธิบายถึงคุณว่า Lorem Ipsum คือข้อความตัวอย่างที่ใช้ในงานพิมพ์และสำนักงานเพื่อเติมเต็มพื้นที่ว่างในเอกสารหรือการออกแบบเว็บไซต์ ข้อความนี้มักถูกสุ่มเลือกมาจากตอนท้ายของหนังสือโดยปกติแล้วจะเป็นข้อความภาษาละติน แต่ผมคิดว่าเราสามารถใช้ข้อความภาษาไทยแทนได้ แต่ต้องระวังตัวอักษรที่ไม่เข้ากันในการสุ่มเลือกนะครับ', ''),
('อ31202', 'อังกฤษ', 'ผมขออธิบายถึงคุณว่า Lorem Ipsum คือข้อความตัวอย่างที่ใช้ในงานพิมพ์และสำนักงานเพื่อเติมเต็มพื้นที่ว่างในเอกสารหรือการออกแบบเว็บไซต์ ข้อความนี้มักถูกสุ่มเลือกมาจากตอนท้ายของหนังสือโดยปกติแล้วจะเป็นข้อความภาษาละติน แต่ผมคิดว่าเราสามารถใช้ข้อความภาษาไทยแทนได้ แต่ต้องระวังตัวอักษรที่ไม่เข้ากันในการสุ่มเลือกนะครับ', ''),
('อ31204', 'ภาษาลาว', 'ผมขออธิบายถึงคุณว่า Lorem Ipsum คือข้อความตัวอย่างที่ใช้ในงานพิมพ์และสำนักงานเพื่อเติมเต็มพื้นที่ว่างในเอกสารหรือการออกแบบเว็บไซต์ ข้อความนี้มักถูกสุ่มเลือกมาจากตอนท้ายของหนังสือโดยปกติแล้วจะเป็นข้อความภาษาละติน แต่ผมคิดว่าเราสามารถใช้ข้อความภาษาไทยแทนได้ แต่ต้องระวังตัวอักษรที่ไม่เข้ากันในการสุ่มเลือกนะครับ', ''),
('อ32102', 'อังกฤษ', 'ผมขออธิบายถึงคุณว่า Lorem Ipsum คือข้อความตัวอย่างที่ใช้ในงานพิมพ์และสำนักงานเพื่อเติมเต็มพื้นที่ว่างในเอกสารหรือการออกแบบเว็บไซต์ ข้อความนี้มักถูกสุ่มเลือกมาจากตอนท้ายของหนังสือโดยปกติแล้วจะเป็นข้อความภาษาละติน แต่ผมคิดว่าเราสามารถใช้ข้อความภาษาไทยแทนได้ แต่ต้องระวังตัวอักษรที่ไม่เข้ากันในการสุ่มเลือกนะครับ', ''),
('อ32202', 'อังกฤษ', 'ผมขออธิบายถึงคุณว่า Lorem Ipsum คือข้อความตัวอย่างที่ใช้ในงานพิมพ์และสำนักงานเพื่อเติมเต็มพื้นที่ว่างในเอกสารหรือการออกแบบเว็บไซต์ ข้อความนี้มักถูกสุ่มเลือกมาจากตอนท้ายของหนังสือโดยปกติแล้วจะเป็นข้อความภาษาละติน แต่ผมคิดว่าเราสามารถใช้ข้อความภาษาไทยแทนได้ แต่ต้องระวังตัวอักษรที่ไม่เข้ากันในการสุ่มเลือกนะครับ', ''),
('อ32204', 'อังกฤษ', 'ผมขออธิบายถึงคุณว่า Lorem Ipsum คือข้อความตัวอย่างที่ใช้ในงานพิมพ์และสำนักงานเพื่อเติมเต็มพื้นที่ว่างในเอกสารหรือการออกแบบเว็บไซต์ ข้อความนี้มักถูกสุ่มเลือกมาจากตอนท้ายของหนังสือโดยปกติแล้วจะเป็นข้อความภาษาละติน แต่ผมคิดว่าเราสามารถใช้ข้อความภาษาไทยแทนได้ แต่ต้องระวังตัวอักษรที่ไม่เข้ากันในการสุ่มเลือกนะครับ', ''),
('อ32206', 'อังกฤษ', 'ผมขออธิบายถึงคุณว่า Lorem Ipsum คือข้อความตัวอย่างที่ใช้ในงานพิมพ์และสำนักงานเพื่อเติมเต็มพื้นที่ว่างในเอกสารหรือการออกแบบเว็บไซต์ ข้อความนี้มักถูกสุ่มเลือกมาจากตอนท้ายของหนังสือโดยปกติแล้วจะเป็นข้อความภาษาละติน แต่ผมคิดว่าเราสามารถใช้ข้อความภาษาไทยแทนได้ แต่ต้องระวังตัวอักษรที่ไม่เข้ากันในการสุ่มเลือกนะครับ', ''),
('อ33102', 'อังกฤษ', 'ผมขออธิบายถึงคุณว่า Lorem Ipsum คือข้อความตัวอย่างที่ใช้ในงานพิมพ์และสำนักงานเพื่อเติมเต็มพื้นที่ว่างในเอกสารหรือการออกแบบเว็บไซต์ ข้อความนี้มักถูกสุ่มเลือกมาจากตอนท้ายของหนังสือโดยปกติแล้วจะเป็นข้อความภาษาละติน แต่ผมคิดว่าเราสามารถใช้ข้อความภาษาไทยแทนได้ แต่ต้องระวังตัวอักษรที่ไม่เข้ากันในการสุ่มเลือกนะครับ', ''),
('อ33202', 'อังกฤษ', 'ผมขออธิบายถึงคุณว่า Lorem Ipsum คือข้อความตัวอย่างที่ใช้ในงานพิมพ์และสำนักงานเพื่อเติมเต็มพื้นที่ว่างในเอกสารหรือการออกแบบเว็บไซต์ ข้อความนี้มักถูกสุ่มเลือกมาจากตอนท้ายของหนังสือโดยปกติแล้วจะเป็นข้อความภาษาละติน แต่ผมคิดว่าเราสามารถใช้ข้อความภาษาไทยแทนได้ แต่ต้องระวังตัวอักษรที่ไม่เข้ากันในการสุ่มเลือกนะครับ', ''),
('อ33204', 'อังกฤษ', 'ผมขออธิบายถึงคุณว่า Lorem Ipsum คือข้อความตัวอย่างที่ใช้ในงานพิมพ์และสำนักงานเพื่อเติมเต็มพื้นที่ว่างในเอกสารหรือการออกแบบเว็บไซต์ ข้อความนี้มักถูกสุ่มเลือกมาจากตอนท้ายของหนังสือโดยปกติแล้วจะเป็นข้อความภาษาละติน แต่ผมคิดว่าเราสามารถใช้ข้อความภาษาไทยแทนได้ แต่ต้องระวังตัวอักษรที่ไม่เข้ากันในการสุ่มเลือกนะครับ', ''),
('อ33206', 'อังกฤษ', 'ผมขออธิบายถึงคุณว่า Lorem Ipsum คือข้อความตัวอย่างที่ใช้ในงานพิมพ์และสำนักงานเพื่อเติมเต็มพื้นที่ว่างในเอกสารหรือการออกแบบเว็บไซต์ ข้อความนี้มักถูกสุ่มเลือกมาจากตอนท้ายของหนังสือโดยปกติแล้วจะเป็นข้อความภาษาละติน แต่ผมคิดว่าเราสามารถใช้ข้อความภาษาไทยแทนได้ แต่ต้องระวังตัวอักษรที่ไม่เข้ากันในการสุ่มเลือกนะครับ', '');

-- --------------------------------------------------------

--
-- Table structure for table `teacher`
--

CREATE TABLE `teacher` (
  `teacher_id` varchar(6) NOT NULL,
  `password` varchar(32) NOT NULL,
  `fist_name` varchar(45) NOT NULL,
  `last_name` varchar(45) NOT NULL,
  `gender` varchar(6) NOT NULL,
  `solial_id` varchar(13) NOT NULL,
  `bathday` date NOT NULL,
  `nationality` varchar(45) NOT NULL,
  `phone_number` varchar(10) NOT NULL,
  `first_name_father` varchar(45) NOT NULL,
  `last_name_father` varchar(45) NOT NULL,
  `first_name_mother` varchar(45) NOT NULL,
  `last_name_mother` varchar(45) NOT NULL,
  `fist_name_parent` varchar(45) NOT NULL,
  `last_name_parent` varchar(45) NOT NULL,
  `phone_number_of_parent` varchar(10) NOT NULL,
  `status_id` int(11) NOT NULL
) ENGINE=InnoDB DEFAULT CHARSET=utf8mb4 COLLATE=utf8mb4_general_ci;

--
-- Dumping data for table `teacher`
--

INSERT INTO `teacher` (`teacher_id`, `password`, `fist_name`, `last_name`, `gender`, `solial_id`, `bathday`, `nationality`, `phone_number`, `first_name_father`, `last_name_father`, `first_name_mother`, `last_name_mother`, `fist_name_parent`, `last_name_parent`, `phone_number_of_parent`, `status_id`) VALUES
('T15255', '81dc9bdb52d04dc20036dbd8313ed055', 'Shiny', 'เสรี', 'ชาย', '3600418659231', '1999-05-03', 'us', '0845692355', 'สมชาย', 'สมปรารถนา', 'สมศรี', 'สมปรารถนา', 'สมชาย', 'สมปรารถนา', '0856247896', 1),
('T15256', '81dc9bdb52d04dc20036dbd8313ed055', 'จารวี', 'เสรี', 'หญิง', '3600418659232', '1995-04-15', 'thai', '0845692354', 'ทวีชัย', 'วัฒนา', 'สำอร', 'วัฒนา', 'ทวีชัย', 'วัฒนา', '0885468899', 1),
('T15257', '81dc9bdb52d04dc20036dbd8313ed055', 'Rowena', 'เสรี', 'หญิง', '3650418659233', '2000-01-14', 'us', '0996521304', 'ศรีสุวรรณ', 'สายสำราญ', 'จันทน์', 'สายสำราญ', 'สายสมร', 'สายสำราญ', '0936548779', 1),
('T15258', '81dc9bdb52d04dc20036dbd8313ed055', 'พรรณธิยา', 'เสรี', 'หญิง', '3650418659234', '1999-05-03', 'thai', '0996521305', 'แหยม', 'สอนดี', 'เจ้ย', 'สอนดี', 'แหยม', 'สอนดี', '0936548780', 1),
('T15259', '81dc9bdb52d04dc20036dbd8313ed055', 'จงขนิษฐ์', 'เสรี', 'ชาย', '3650418659235', '1999-05-02', 'thai', '0996521306', 'บันลือ', 'ฉลาดดี', 'ศรสมร', 'ฉลาดดี', 'บันลือ', 'ฉลาดดี', '0936548781', 1),
('T15260', '81dc9bdb52d04dc20036dbd8313ed055', 'วงศ์ศิริ', 'เสรี', 'ชาย', '3650418659236', '1999-05-13', 'thai', '0996521307', 'พยน', 'การงาน', 'พยูน', 'การงาน', 'พยูน', 'การงาน', '0936548782', 1),
('T15261', '81dc9bdb52d04dc20036dbd8313ed055', 'Jared', 'เสรี', 'หญิง', '3650418659237', '1999-12-03', 'us', '0996521308', 'เถลิง', 'วันเสาร์', 'สวย', 'วันเสาร์', 'เถลิง', 'วันเสาร์', '0936548783', 1),
('T15262', '81dc9bdb52d04dc20036dbd8313ed055', 'Georg', 'เสรี', 'ชาย', '3650418659238', '1999-04-03', 'us', '0996521309', 'หล่อ', 'สีแดง', 'ทา', 'สีแดง', 'หล่อ', 'สีแดง', '0936548784', 1),
('T15263', '81dc9bdb52d04dc20036dbd8313ed055', 'ณัฐกมล', 'เสรี', 'หญิง', '3650418659239', '1999-01-03', 'thai', '0996521300', 'มี', 'ฤทธิ์ไกร', 'มา', 'ฤทธิ์ไกร', 'มา', 'ฤทธิ์ไกร', '0936548785', 1),
('T15264', '81dc9bdb52d04dc20036dbd8313ed055', 'Razieh', 'เสรี', 'ชาย', '3650418659240', '1999-05-03', 'us', '0996521301', 'แคน', 'นอนง่าย', 'พิณ', 'นอนง่าย', 'พิณ', 'นอนง่าย', '0936548786', 1),
('T15265', '81dc9bdb52d04dc20036dbd8313ed055', 'ชบา', 'เสรี', 'หญิง', '3650418659241', '1999-05-04', 'thai', '0996521302', 'แคน', 'นอนง่าย', 'พิณ', 'นอนง่าย', 'พิณ', 'นอนง่าย', '0936548786', 1),
('T15266', '81dc9bdb52d04dc20036dbd8313ed055', 'ฉวีวรรณ', 'เสรี', 'หญิง', '3650418659242', '1999-05-04', 'thai', '0996521303', 'แคน', 'นอนง่าย', 'พิณ', 'นอนง่าย', 'พิณ', 'นอนง่าย', '0936548786', 1),
('T15267', '81dc9bdb52d04dc20036dbd8313ed055', 'เบญจมาศ', 'เสรี', 'หญิง', '3650418659243', '1999-05-03', 'thai', '0996521304', 'แคน', 'นอนง่าย', 'พิณ', 'นอนง่าย', 'พิณ', 'นอนง่าย', '0936548786', 1),
('T15268', '81dc9bdb52d04dc20036dbd8313ed055', 'สิทธิพงศ์', 'เสรี', 'ชาย', '3650418659244', '1999-05-03', 'thai', '0996521305', 'แคน', 'นอนง่าย', 'พิณ', 'นอนง่าย', 'พิณ', 'นอนง่าย', '0936548786', 1),
('T15269', '81dc9bdb52d04dc20036dbd8313ed055', 'ธัญชนิต', 'เสรี', 'หญิง', '3650418659245', '1999-05-03', 'thai', '0996521306', 'แคน', 'นอนง่าย', 'พิณ', 'นอนง่าย', 'พิณ', 'นอนง่าย', '0936548786', 1),
('T15270', '81dc9bdb52d04dc20036dbd8313ed055', 'Rean', 'เสรี', 'หญิง', '3650418659246', '1999-05-03', 'us', '0996521307', 'แคน', 'นอนง่าย', 'พิณ', 'นอนง่าย', 'พิณ', 'นอนง่าย', '0936548786', 1),
('T15271', '81dc9bdb52d04dc20036dbd8313ed055', 'นันทพร', 'เสรี', 'หญิง', '3650418659247', '1999-05-03', 'thai', '0996521308', 'แคน', 'นอนง่าย', 'พิณ', 'นอนง่าย', 'พิณ', 'นอนง่าย', '0936548786', 1),
('T15272', '81dc9bdb52d04dc20036dbd8313ed055', 'รัชนี', 'เสรี', 'หญิง', '3650418659248', '1999-05-03', 'thai', '0996521309', 'แคน', 'นอนง่าย', 'พิณ', 'นอนง่าย', 'พิณ', 'นอนง่าย', '0936548786', 1),
('T15273', '81dc9bdb52d04dc20036dbd8313ed055', 'ญดาพร', 'เสรี', 'หญิง', '3650418659249', '1999-05-03', 'thai', '0996521301', 'แคน', 'นอนง่าย', 'พิณ', 'นอนง่าย', 'พิณ', 'นอนง่าย', '0936548786', 1),
('T15274', '81dc9bdb52d04dc20036dbd8313ed055', 'เปรมปรี', 'เสรี', 'หญิง', '3650418659250', '1999-05-03', 'thai', '0996521301', 'แคน', 'นอนง่าย', 'พิณ', 'นอนง่าย', 'พิณ', 'นอนง่าย', '0936548786', 1),
('T15275', '81dc9bdb52d04dc20036dbd8313ed055', 'นริศรา', 'เสรี', 'หญิง', '3650418659251', '1999-05-03', 'thai', '0996521301', 'แคน', 'นอนง่าย', 'พิณ', 'นอนง่าย', 'พิณ', 'นอนง่าย', '0936548786', 1),
('T15276', '81dc9bdb52d04dc20036dbd8313ed055', 'จันทร์ธิตา', 'เสรี', 'หญิง', '3650418659252', '1999-05-03', 'thai', '0996521301', 'แคน', 'นอนง่าย', 'พิณ', 'นอนง่าย', 'พิณ', 'นอนง่าย', '0936548786', 1),
('T15277', '81dc9bdb52d04dc20036dbd8313ed055', 'Lad', 'เสรี', 'หญิง', '3650418659253', '1999-05-03', 'thai', '0996521301', 'แคน', 'นอนง่าย', 'พิณ', 'นอนง่าย', 'พิณ', 'นอนง่าย', '0936548786', 1),
('T15278', '81dc9bdb52d04dc20036dbd8313ed055', 'อริศรา', 'เสรี', 'ชาย', '3650418659254', '1999-05-03', 'us', '0996521301', 'แคน', 'นอนง่าย', 'พิณ', 'นอนง่าย', 'พิณ', 'นอนง่าย', '0936548786', 1),
('T15279', '81dc9bdb52d04dc20036dbd8313ed055', 'พริษฐ์', 'เสรี', 'หญิง', '3650418659255', '1999-05-03', 'thai', '0996521301', 'แคน', 'นอนง่าย', 'พิณ', 'นอนง่าย', 'พิณ', 'นอนง่าย', '0936548786', 1),
('T15280', '81dc9bdb52d04dc20036dbd8313ed055', 'Hannah', 'เสรี', 'ชาย', '3650418659256', '1999-05-03', 'thai', '0996521301', 'แคน', 'นอนง่าย', 'พิณ', 'นอนง่าย', 'พิณ', 'นอนง่าย', '0936548786', 1),
('T15281', '81dc9bdb52d04dc20036dbd8313ed055', 'ลัดดา', 'เสรี', 'หญิง', '3650418659257', '1999-05-03', 'us', '0996521301', 'แคน', 'นอนง่าย', 'พิณ', 'นอนง่าย', 'พิณ', 'นอนง่าย', '0936548786', 1),
('T15282', '81dc9bdb52d04dc20036dbd8313ed055', 'ณัฐกฤษณ์', 'เสรี', 'หญิง', '3650418659258', '1999-05-03', 'thai', '0996521301', 'แคน', 'นอนง่าย', 'พิณ', 'นอนง่าย', 'พิณ', 'นอนง่าย', '0936548786', 1),
('T15283', '81dc9bdb52d04dc20036dbd8313ed055', 'อิทธิโชติ', 'เสรี', 'ชาย', '3650418659259', '1999-05-03', 'thai', '0996521301', 'แคน', 'นอนง่าย', 'พิณ', 'นอนง่าย', 'พิณ', 'นอนง่าย', '0936548786', 1),
('T15284', '81dc9bdb52d04dc20036dbd8313ed055', 'พงศ์พันธ์', 'เสรี', 'ชาย', '3650418659260', '1999-05-03', 'thai', '0996521301', 'แคน', 'นอนง่าย', 'พิณ', 'นอนง่าย', 'พิณ', 'นอนง่าย', '0936548786', 1),
('T15285', '81dc9bdb52d04dc20036dbd8313ed055', 'ณัฐพล', 'เสรี', 'ชาย', '3650418659261', '1999-05-03', 'thai', '0996521301', 'แคน', 'นอนง่าย', 'พิณ', 'นอนง่าย', 'พิณ', 'นอนง่าย', '0936548786', 1),
('T15286', '81dc9bdb52d04dc20036dbd8313ed055', 'อรวรรณ', 'เสรี', 'ชาย', '3650418659262', '1999-05-03', 'thai', '0996521301', 'แคน', 'นอนง่าย', 'พิณ', 'นอนง่าย', 'พิณ', 'นอนง่าย', '0936548786', 1),
('T15287', '81dc9bdb52d04dc20036dbd8313ed055', 'พรนิภา', 'เสรี', 'หญิง', '3650418659263', '1999-05-03', 'thai', '0996521301', 'แคน', 'นอนง่าย', 'พิณ', 'นอนง่าย', 'พิณ', 'นอนง่าย', '0936548786', 1),
('T15288', '81dc9bdb52d04dc20036dbd8313ed055', 'เกศสุดา', 'เสรี', 'หญิง', '3650418659264', '1999-05-03', 'thai', '0996521301', 'แคน', 'นอนง่าย', 'พิณ', 'นอนง่าย', 'พิณ', 'นอนง่าย', '0936548786', 1),
('T15289', '81dc9bdb52d04dc20036dbd8313ed055', 'หทัยชนก', 'เสรี', 'หญิง', '3650418659265', '1999-05-03', 'thai', '0996521301', 'แคน', 'นอนง่าย', 'พิณ', 'นอนง่าย', 'พิณ', 'นอนง่าย', '0936548786', 1),
('T15290', '81dc9bdb52d04dc20036dbd8313ed055', 'T.B.', 'เสรี', 'ชาย', '3650418659270', '1997-05-03', 'us', '0996521301', 'แคน', 'นอนง่าย', 'พิณ', 'นอนง่าย', 'พิณ', 'นอนง่าย', '0936548786', 1),
('T15291', '81dc9bdb52d04dc20036dbd8313ed055', 'Patrica', 'เสรี', 'หญิง', '3650418659271', '1997-05-03', 'us', '0996521301', 'แคน', 'นอนง่าย', 'พิณ', 'นอนง่าย', 'พิณ', 'นอนง่าย', '0936548786', 1),
('T15292', '81dc9bdb52d04dc20036dbd8313ed055', 'พรรษา', 'เสรี', 'หญิง', '3650418659272', '1997-05-03', 'thai', '0996521301', 'แคน', 'นอนง่าย', 'พิณ', 'นอนง่าย', 'พิณ', 'นอนง่าย', '0936548786', 1),
('T15293', '81dc9bdb52d04dc20036dbd8313ed055', 'อัญชนา', 'เสรี', 'หญิง', '3650418659273', '1997-05-03', 'thai', '0996521301', 'แคน', 'นอนง่าย', 'พิณ', 'นอนง่าย', 'พิณ', 'นอนง่าย', '0936548786', 1),
('T15294', '81dc9bdb52d04dc20036dbd8313ed055', 'Jeff', 'เสรี', 'ชาย', '3650418659274', '1997-05-03', 'us', '0996521301', 'แคน', 'นอนง่าย', 'พิณ', 'นอนง่าย', 'พิณ', 'นอนง่าย', '0936548786', 1),
('T15295', '81dc9bdb52d04dc20036dbd8313ed055', 'Tee', 'เสรี', 'ชาย', '3650418659275', '1997-05-03', 'us', '0996521301', 'แคน', 'นอนง่าย', 'พิณ', 'นอนง่าย', 'พิณ', 'นอนง่าย', '0936548786', 1),
('T15296', '81dc9bdb52d04dc20036dbd8313ed055', 'สายรุ้ง', 'เสรี', 'หญิง', '3650418659276', '1997-05-03', 'thai', '0996521301', 'แคน', 'นอนง่าย', 'พิณ', 'นอนง่าย', 'พิณ', 'นอนง่าย', '0936548786', 1),
('T15297', '81dc9bdb52d04dc20036dbd8313ed055', 'อรพรรณ', 'เสรี', 'หญิง', '3650418659277', '1997-05-03', 'thai', '0996521301', 'แคน', 'นอนง่าย', 'พิณ', 'นอนง่าย', 'พิณ', 'นอนง่าย', '0936548786', 1),
('T15298', '81dc9bdb52d04dc20036dbd8313ed055', 'ธนวัฒน์', 'เสรี', 'ชาย', '3650418659278', '1997-05-03', 'thai', '0996521301', 'แคน', 'นอนง่าย', 'พิณ', 'นอนง่าย', 'พิณ', 'นอนง่าย', '0936548786', 1),
('T15299', '81dc9bdb52d04dc20036dbd8313ed055', 'อรทัย', 'เสรี', 'ชาย', '3650418659279', '1997-05-03', 'thai', '0996521301', 'แคน', 'นอนง่าย', 'พิณ', 'นอนง่าย', 'พิณ', 'นอนง่าย', '0936548786', 1),
('T15300', '81dc9bdb52d04dc20036dbd8313ed055', 'ธวัชชัย', 'เสรี', 'หญิง', '3650418659280', '1997-05-03', 'thai', '0996521301', 'แคน', 'นอนง่าย', 'พิณ', 'นอนง่าย', 'พิณ', 'นอนง่าย', '0936548786', 1),
('T15301', '81dc9bdb52d04dc20036dbd8313ed055', 'อารี', 'เสรี', 'หญิง', '3650418659281', '1997-05-03', 'us', '0996521301', 'แคน', 'นอนง่าย', 'พิณ', 'นอนง่าย', 'พิณ', 'นอนง่าย', '0936548786', 1),
('T15302', '81dc9bdb52d04dc20036dbd8313ed055', 'จันทร์ธิดา', 'เสรี', 'ชาย', '3650418659282', '1997-05-03', 'thai', '0996521301', 'แคน', 'นอนง่าย', 'พิณ', 'นอนง่าย', 'พิณ', 'นอนง่าย', '0936548786', 1),
('T15303', '81dc9bdb52d04dc20036dbd8313ed055', 'ศิริพร', 'เสรี', 'หญิง', '3650418659283', '1997-05-03', 'thai', '0996521301', 'แคน', 'นอนง่าย', 'พิณ', 'นอนง่าย', 'พิณ', 'นอนง่าย', '0936548786', 1),
('T15304', '81dc9bdb52d04dc20036dbd8313ed055', 'มะณีพร', 'เสรี', 'ชาย', '3650418659284', '1997-05-03', 'us', '0996521301', 'แคน', 'นอนง่าย', 'พิณ', 'นอนง่าย', 'พิณ', 'นอนง่าย', '0936548786', 1),
('T15305', '81dc9bdb52d04dc20036dbd8313ed055', 'ชลดา', 'เสรี', 'หญิง', '3650418659285', '1997-05-03', 'thai', '0996521301', 'แคน', 'นอนง่าย', 'พิณ', 'นอนง่าย', 'พิณ', 'นอนง่าย', '0936548786', 1),
('T15306', '81dc9bdb52d04dc20036dbd8313ed055', 'ปัทพงษ์', 'เสรี', 'หญิง', '3650418659286', '1997-05-03', 'thai', '0996521301', 'แคน', 'นอนง่าย', 'พิณ', 'นอนง่าย', 'พิณ', 'นอนง่าย', '0936548786', 1),
('T15307', '81dc9bdb52d04dc20036dbd8313ed055', 'ขจร', 'เสรี', 'หญิง', '3650418659287', '1997-05-03', 'thai', '0996521301', 'แคน', 'นอนง่าย', 'พิณ', 'นอนง่าย', 'พิณ', 'นอนง่าย', '0936548786', 1),
('T15308', '81dc9bdb52d04dc20036dbd8313ed055', 'สุพัญยา', 'เสรี', 'หญิง', '3650418659288', '1997-05-03', 'thai', '0996521301', 'แคน', 'นอนง่าย', 'พิณ', 'นอนง่าย', 'พิณ', 'นอนง่าย', '0936548786', 1),
('T15309', '81dc9bdb52d04dc20036dbd8313ed055', 'ศศิวิมล', 'เสรี', 'ชาย', '3650418659289', '1997-05-03', 'us', '0996521301', 'แคน', 'นอนง่าย', 'พิณ', 'นอนง่าย', 'พิณ', 'นอนง่าย', '0936548786', 1),
('T15310', '81dc9bdb52d04dc20036dbd8313ed055', 'มนทิพย์', 'เสรี', 'หญิง', '3650418659290', '1997-05-03', 'thai', '0996521301', 'แคน', 'นอนง่าย', 'พิณ', 'นอนง่าย', 'พิณ', 'นอนง่าย', '0936548786', 1),
('T15311', '81dc9bdb52d04dc20036dbd8313ed055', 'กเฌอ', 'เสรี', 'หญิง', '3650418659291', '1997-05-03', 'thai', '0996521301', 'แคน', 'นอนง่าย', 'พิณ', 'นอนง่าย', 'พิณ', 'นอนง่าย', '0936548786', 1),
('T15312', '81dc9bdb52d04dc20036dbd8313ed055', 'วรรณิศา', 'เสรี', 'หญิง', '3650418659292', '1997-05-03', 'thai', '0996521301', 'แคน', 'นอนง่าย', 'พิณ', 'นอนง่าย', 'พิณ', 'นอนง่าย', '0936548786', 1),
('T15313', '81dc9bdb52d04dc20036dbd8313ed055', 'บรรเรง', 'เสรี', 'หญิง', '3650418659293', '1997-05-03', 'thai', '0996521301', 'แคน', 'นอนง่าย', 'พิณ', 'นอนง่าย', 'พิณ', 'นอนง่าย', '0936548786', 1),
('T15314', '81dc9bdb52d04dc20036dbd8313ed055', 'สายชล', 'เสรี', 'ชาย', '3650418659294', '1997-05-03', 'thai', '0996521301', 'แคน', 'นอนง่าย', 'พิณ', 'นอนง่าย', 'พิณ', 'นอนง่าย', '0936548786', 1),
('T16782', '81dc9bdb52d04dc20036dbd8313ed055', 'วิชุดา', 'เสรี', 'หญิง', '3215465741216', '1997-05-03', 'thai', '0856789213', 'แคน', 'นอนง่าย', 'พิณ', 'นอนง่าย', 'พิณ', 'นอนง่าย', '0936548786', 1),
('T16783', '81dc9bdb52d04dc20036dbd8313ed055', 'กิริญญา', 'เสรี', 'หญิง', '3215465741215', '1997-05-03', 'thai', '0856789214', 'แคน', 'นอนง่าย', 'พิณ', 'นอนง่าย', 'พิณ', 'นอนง่าย', '0936548786', 1),
('T16784', '81dc9bdb52d04dc20036dbd8313ed055', 'ทัศนา', 'เสรี', 'หญิง', '3215465741214', '1997-05-03', 'thai', '0856789215', 'แคน', 'นอนง่าย', 'พิณ', 'นอนง่าย', 'พิณ', 'นอนง่าย', '0936548786', 1),
('T16785', '81dc9bdb52d04dc20036dbd8313ed055', 'มนัญญา', 'เสรี', 'หญิง', '3215465741213', '1997-05-03', 'us', '0856789216', 'แคน', 'นอนง่าย', 'พิณ', 'นอนง่าย', 'พิณ', 'นอนง่าย', '0936548786', 1),
('T16786', '81dc9bdb52d04dc20036dbd8313ed055', 'ภูเบศ', 'เสรี', 'หญิง', '3215465741212', '1997-05-03', 'thai', '0856789217', 'แคน', 'นอนง่าย', 'พิณ', 'นอนง่าย', 'พิณ', 'นอนง่าย', '0936548786', 1),
('T16787', '81dc9bdb52d04dc20036dbd8313ed055', 'ชนิสรา', 'เสรี', 'ชาย', '3215465741211', '1997-05-03', 'thai', '0856789218', 'แคน', 'นอนง่าย', 'พิณ', 'นอนง่าย', 'พิณ', 'นอนง่าย', '0936548786', 1),
('T16788', '81dc9bdb52d04dc20036dbd8313ed055', 'พิชชาอร', 'เสรี', 'หญิง', '3215465741210', '1997-05-03', 'thai', '0856789219', 'แคน', 'นอนง่าย', 'พิณ', 'นอนง่าย', 'พิณ', 'นอนง่าย', '0936548786', 1),
('T16789', '81dc9bdb52d04dc20036dbd8313ed055', 'บวรพันธ์', 'เสรี', 'หญิง', '3215465741209', '1997-05-03', 'thai', '0856789220', 'แคน', 'นอนง่าย', 'พิณ', 'นอนง่าย', 'พิณ', 'นอนง่าย', '0936548786', 1),
('T16790', '81dc9bdb52d04dc20036dbd8313ed055', 'jacqueline', 'เสรี', 'ชาย', '3215465741208', '1997-05-03', 'us', '0856789221', 'แคน', 'นอนง่าย', 'พิณ', 'นอนง่าย', 'พิณ', 'นอนง่าย', '0936548786', 1),
('T16791', '81dc9bdb52d04dc20036dbd8313ed055', 'อัญชลี', 'เสรี', 'หญิง', '3215465741207', '1997-05-03', 'thai', '0856789222', 'แคน', 'นอนง่าย', 'พิณ', 'นอนง่าย', 'พิณ', 'นอนง่าย', '0936548786', 1),
('T16792', '81dc9bdb52d04dc20036dbd8313ed055', 'Phavana', 'เสรี', 'ชาย', '3215465741206', '1997-05-03', 'thai', '0856789223', 'แคน', 'นอนง่าย', 'พิณ', 'นอนง่าย', 'พิณ', 'นอนง่าย', '0936548786', 1),
('T16793', '81dc9bdb52d04dc20036dbd8313ed055', 'Airena', 'เสรี', 'หญิง', '3215465741205', '1997-05-03', 'us', '0856789224', 'แคน', 'นอนง่าย', 'พิณ', 'นอนง่าย', 'พิณ', 'นอนง่าย', '0936548786', 1),
('T16794', '81dc9bdb52d04dc20036dbd8313ed055', 'ธนวิทย์', 'เสรี', 'ชาย', '3215465741204', '1997-05-03', 'us', '0856789225', 'แคน', 'นอนง่าย', 'พิณ', 'นอนง่าย', 'พิณ', 'นอนง่าย', '0936548786', 1),
('T16795', '81dc9bdb52d04dc20036dbd8313ed055', 'กวินทรา', 'เสรี', 'หญิง', '3215465741203', '1997-05-03', 'thai', '0856789226', 'แคน', 'นอนง่าย', 'พิณ', 'นอนง่าย', 'พิณ', 'นอนง่าย', '0936548786', 1),
('T16796', '81dc9bdb52d04dc20036dbd8313ed055', 'เจษฎา', 'เสรี', 'หญิง', '3215465741202', '1997-05-03', 'thai', '0856789227', 'แคน', 'นอนง่าย', 'พิณ', 'นอนง่าย', 'พิณ', 'นอนง่าย', '0936548786', 1),
('T16797', '81dc9bdb52d04dc20036dbd8313ed055', 'อำไพ', 'เสรี', 'หญิง', '3215465741201', '1997-05-03', 'us', '0856789228', 'แคน', 'นอนง่าย', 'พิณ', 'นอนง่าย', 'พิณ', 'นอนง่าย', '0936548786', 1),
('T16798', '81dc9bdb52d04dc20036dbd8313ed055', 'ชญานนท์', 'เสรี', 'หญิง', '3215465741200', '1997-05-03', 'us', '0856789229', 'แคน', 'นอนง่าย', 'พิณ', 'นอนง่าย', 'พิณ', 'นอนง่าย', '0936548786', 1),
('T16799', '81dc9bdb52d04dc20036dbd8313ed055', 'วันวิสา', 'เสรี', 'ชาย', '3215465741199', '1997-05-03', 'thai', '0856789230', 'แคน', 'นอนง่าย', 'พิณ', 'นอนง่าย', 'พิณ', 'นอนง่าย', '0936548786', 1),
('T16800', '81dc9bdb52d04dc20036dbd8313ed055', 'ชัชวาลย์', 'เสรี', 'หญิง', '3215465741198', '1997-05-03', 'thai', '0856789231', 'แคน', 'นอนง่าย', 'พิณ', 'นอนง่าย', 'พิณ', 'นอนง่าย', '0936548786', 1),
('T16801', '81dc9bdb52d04dc20036dbd8313ed055', 'ภาณุคม', 'เสรี', 'ชาย', '3215465741197', '1997-05-03', 'thai', '0856789232', 'แคน', 'นอนง่าย', 'พิณ', 'นอนง่าย', 'พิณ', 'นอนง่าย', '0936548786', 1),
('T16802', '81dc9bdb52d04dc20036dbd8313ed055', 'โกสุม', 'เสรี', 'หญิง', '3215465741196', '1997-05-03', 'thai', '0856789233', 'แคน', 'นอนง่าย', 'พิณ', 'นอนง่าย', 'พิณ', 'นอนง่าย', '0936548786', 1),
('T16803', '81dc9bdb52d04dc20036dbd8313ed055', 'ประกาย', 'เสรี', 'ชาย', '3215465741195', '1997-05-03', 'us', '0856789234', 'แคน', 'นอนง่าย', 'พิณ', 'นอนง่าย', 'พิณ', 'นอนง่าย', '0936548786', 1),
('T16804', '81dc9bdb52d04dc20036dbd8313ed055', 'ธาดา', 'เสรี', 'ชาย', '3215465741194', '1997-05-03', 'thai', '0856789235', 'แคน', 'นอนง่าย', 'พิณ', 'นอนง่าย', 'พิณ', 'นอนง่าย', '0936548786', 1),
('T16805', '81dc9bdb52d04dc20036dbd8313ed055', 'Allan', 'เสรี', 'หญิง', '3215465741193', '1997-05-03', 'thai', '0856789236', 'แคน', 'นอนง่าย', 'พิณ', 'นอนง่าย', 'พิณ', 'นอนง่าย', '0936548786', 1),
('T16806', '81dc9bdb52d04dc20036dbd8313ed055', 'นุชรี', 'เสรี', 'ชาย', '3215465741192', '1997-05-03', 'thai', '0856789237', 'แคน', 'นอนง่าย', 'พิณ', 'นอนง่าย', 'พิณ', 'นอนง่าย', '0936548786', 1),
('T16807', '81dc9bdb52d04dc20036dbd8313ed055', 'สุทธิพงษ์', 'เสรี', 'หญิง', '3215465741191', '1997-05-03', 'thai', '0856789238', 'แคน', 'นอนง่าย', 'พิณ', 'นอนง่าย', 'พิณ', 'นอนง่าย', '0936548786', 1),
('T16808', '81dc9bdb52d04dc20036dbd8313ed055', 'เบ็ญจมาศ', 'เสรี', 'ชาย', '3215465741190', '1997-05-03', 'us', '0856789239', 'แคน', 'นอนง่าย', 'พิณ', 'นอนง่าย', 'พิณ', 'นอนง่าย', '0936548786', 1),
('T16809', '81dc9bdb52d04dc20036dbd8313ed055', 'คณิภา', 'เสรี', 'ชาย', '3215465741162', '1997-05-03', 'us', '0956478128', 'แคน', 'นอนง่าย', 'พิณ', 'นอนง่าย', 'พิณ', 'นอนง่าย', '0956478128', 1),
('T16810', '81dc9bdb52d04dc20036dbd8313ed055', 'ณัฐิกา', 'เสรี', 'หญิง', '3215465741161', '1997-05-03', 'us', '0956478129', 'แคน', 'นอนง่าย', 'พิณ', 'นอนง่าย', 'พิณ', 'นอนง่าย', '0956478129', 1),
('T16811', '81dc9bdb52d04dc20036dbd8313ed055', 'สถาพร', 'เสรี', 'หญิง', '3215465741160', '1997-05-03', 'thai', '0956478130', 'แคน', 'นอนง่าย', 'พิณ', 'นอนง่าย', 'พิณ', 'นอนง่าย', '0956478130', 1),
('T16812', '81dc9bdb52d04dc20036dbd8313ed055', 'เบญญาภา', 'เสรี', 'หญิง', '3215465741159', '1997-05-03', 'thai', '0956478131', 'แคน', 'นอนง่าย', 'พิณ', 'นอนง่าย', 'พิณ', 'นอนง่าย', '0956478131', 1),
('T16813', '81dc9bdb52d04dc20036dbd8313ed055', 'รัตนาภรณ์', 'เสรี', 'หญิง', '3215465741158', '1997-05-03', 'thai', '0956478132', 'แคน', 'นอนง่าย', 'พิณ', 'นอนง่าย', 'พิณ', 'นอนง่าย', '0956478132', 1),
('T16814', '81dc9bdb52d04dc20036dbd8313ed055', 'ประสิทธิ์', 'เสรี', 'ชาย', '3215465741157', '1997-05-03', 'thai', '0956478133', 'แคน', 'นอนง่าย', 'พิณ', 'นอนง่าย', 'พิณ', 'นอนง่าย', '0956478133', 1),
('T16815', '81dc9bdb52d04dc20036dbd8313ed055', 'ธนสรณ์', 'เสรี', 'หญิง', '3215465741156', '1997-05-03', 'thai', '0956478134', 'แคน', 'นอนง่าย', 'พิณ', 'นอนง่าย', 'พิณ', 'นอนง่าย', '0956478134', 1),
('T16816', '81dc9bdb52d04dc20036dbd8313ed055', 'วิภาวรรณ', 'เสรี', 'ชาย', '3215465741155', '1997-05-03', 'thai', '0956478135', 'แคน', 'นอนง่าย', 'พิณ', 'นอนง่าย', 'พิณ', 'นอนง่าย', '0956478135', 1),
('T16817', '81dc9bdb52d04dc20036dbd8313ed055', 'Lifang', 'เสรี', 'หญิง', '3215465741154', '1997-05-03', 'thai', '0956478136', 'แคน', 'นอนง่าย', 'พิณ', 'นอนง่าย', 'พิณ', 'นอนง่าย', '0956478136', 1),
('T16818', '81dc9bdb52d04dc20036dbd8313ed055', 'บงกช', 'เสรี', 'หญิง', '3215465741153', '1997-05-03', 'thai', '0956478137', 'แคน', 'นอนง่าย', 'พิณ', 'นอนง่าย', 'พิณ', 'นอนง่าย', '0956478137', 1);

-- --------------------------------------------------------

--
-- Table structure for table `time_table`
--

CREATE TABLE `time_table` (
  `time_table_id` int(11) NOT NULL,
  `school_year` year(4) NOT NULL,
  `grade` varchar(4) NOT NULL,
  `room` varchar(4) NOT NULL,
  `time` time DEFAULT NULL,
  `term` varchar(1) DEFAULT NULL,
  `enroll_subject_id` int(11) NOT NULL
) ENGINE=InnoDB DEFAULT CHARSET=utf8mb4 COLLATE=utf8mb4_general_ci;

--
-- Dumping data for table `time_table`
--

INSERT INTO `time_table` (`time_table_id`, `school_year`, `grade`, `room`, `time`, `term`, `enroll_subject_id`) VALUES
(1, 2019, '1', '1', '08:00:00', '2', 1),
(2, 2019, '1', '1', '10:00:00', '2', 2),
(3, 2019, '1', '1', '11:00:00', '2', 3),
(4, 2019, '1', '1', '13:00:00', '2', 4),
(5, 2019, '1', '1', '14:00:00', '2', 5),
(6, 2019, '1', '1', '15:00:00', '2', 6),
(7, 2019, '1', '1', '08:00:00', '2', 7),
(8, 2019, '1', '1', '09:00:00', '2', 8),
(9, 2019, '1', '1', '10:00:00', '2', 9),
(10, 2019, '1', '1', '13:00:00', '2', 10),
(11, 2019, '1', '1', '15:00:00', '2', 11),
(12, 2019, '1', '1', '08:00:00', '2', 12),
(13, 2019, '1', '1', '09:00:00', '2', 13),
(14, 2019, '1', '1', '10:00:00', '2', 14),
(15, 2019, '1', '1', '11:00:00', '2', 15),
(16, 2019, '1', '1', '13:00:00', '2', 16),
(17, 2019, '1', '1', '14:00:00', '2', 17),
(18, 2019, '1', '1', '08:00:00', '2', 18),
(19, 2019, '1', '1', '09:00:00', '2', 19),
(20, 2019, '1', '1', '10:00:00', '2', 20),
(21, 2019, '1', '1', '11:00:00', '2', 21),
(22, 2019, '1', '1', '13:00:00', '2', 22),
(23, 2019, '1', '1', '14:00:00', '2', 23),
(24, 2019, '1', '1', '15:00:00', '2', 24),
(25, 2019, '1', '1', '08:00:00', '2', 25),
(26, 2019, '1', '1', '09:00:00', '2', 26),
(27, 2019, '1', '1', '10:00:00', '2', 27),
(28, 2019, '1', '1', '11:00:00', '2', 28),
(29, 2019, '1', '1', '13:00:00', '2', 29),
(30, 2019, '1', '1', '14:00:00', '2', 30),
(31, 2019, '1', '1', '15:00:00', '2', 31),
(32, 2019, '1', '2', '08:00:00', '2', 32),
(33, 2019, '1', '2', '10:00:00', '2', 33),
(34, 2019, '1', '2', '11:00:00', '2', 34),
(35, 2019, '1', '2', '13:00:00', '2', 35),
(36, 2019, '1', '2', '15:00:00', '2', 36),
(37, 2019, '1', '2', '08:00:00', '2', 37),
(38, 2019, '1', '2', '10:00:00', '2', 38),
(39, 2019, '1', '2', '13:00:00', '2', 39),
(40, 2019, '1', '2', '14:00:00', '2', 40),
(41, 2019, '1', '2', '15:00:00', '2', 41),
(42, 2019, '1', '2', '08:00:00', '2', 42),
(43, 2019, '1', '2', '09:00:00', '2', 43),
(44, 2019, '1', '2', '10:00:00', '2', 44),
(45, 2019, '1', '2', '11:00:00', '2', 45),
(46, 2019, '1', '2', '13:00:00', '2', 46),
(47, 2019, '1', '2', '14:00:00', '2', 47),
(48, 2019, '1', '2', '15:00:00', '2', 48),
(49, 2019, '1', '2', '08:00:00', '2', 49),
(50, 2019, '1', '2', '09:00:00', '2', 50),
(51, 2019, '1', '2', '10:00:00', '2', 51),
(52, 2019, '1', '2', '11:00:00', '2', 52),
(53, 2019, '1', '2', '13:00:00', '2', 53),
(54, 2019, '1', '2', '14:00:00', '2', 54),
(55, 2019, '1', '2', '15:00:00', '2', 55),
(56, 2019, '1', '2', '08:00:00', '2', 56),
(57, 2019, '1', '2', '09:00:00', '2', 57),
(58, 2019, '1', '2', '10:00:00', '2', 58),
(59, 2019, '1', '2', '11:00:00', '2', 59),
(60, 2019, '1', '2', '13:00:00', '2', 60),
(61, 2019, '1', '2', '14:00:00', '2', 61),
(62, 2019, '1', '2', '15:00:00', '2', 62),
(63, 2019, '2', '1', '08:00:00', '2', 63),
(64, 2019, '2', '1', '09:00:00', '2', 64),
(65, 2019, '2', '1', '10:00:00', '2', 65),
(66, 2019, '2', '1', '11:00:00', '2', 66),
(67, 2019, '2', '1', '13:00:00', '2', 67),
(68, 2019, '2', '1', '15:00:00', '2', 68),
(69, 2019, '2', '1', '08:00:00', '2', 69),
(70, 2019, '2', '1', '09:00:00', '2', 70),
(71, 2019, '2', '1', '10:00:00', '2', 71),
(72, 2019, '2', '1', '11:00:00', '2', 72),
(73, 2019, '2', '1', '13:00:00', '2', 73),
(74, 2019, '2', '1', '14:00:00', '2', 74),
(75, 2019, '2', '1', '15:00:00', '2', 75),
(76, 2019, '2', '1', '08:00:00', '2', 76),
(77, 2019, '2', '1', '09:00:00', '2', 77),
(78, 2019, '2', '1', '10:00:00', '2', 78),
(79, 2019, '2', '1', '13:00:00', '2', 79),
(80, 2019, '2', '1', '14:00:00', '2', 80),
(81, 2019, '2', '1', '15:00:00', '2', 81),
(82, 2019, '2', '1', '08:00:00', '2', 82),
(83, 2019, '2', '1', '09:00:00', '2', 83),
(84, 2019, '2', '1', '10:00:00', '2', 84),
(85, 2019, '2', '1', '11:00:00', '2', 85),
(86, 2019, '2', '1', '13:00:00', '2', 86),
(87, 2019, '2', '1', '14:00:00', '2', 87),
(88, 2019, '2', '1', '15:00:00', '2', 88),
(89, 2019, '2', '1', '08:00:00', '2', 89),
(90, 2019, '2', '1', '09:00:00', '2', 90),
(91, 2019, '2', '1', '10:00:00', '2', 91),
(92, 2019, '2', '1', '13:00:00', '2', 92),
(93, 2019, '2', '1', '14:00:00', '2', 93),
(94, 2019, '2', '1', '15:00:00', '2', 94),
(95, 2019, '2', '2', '08:00:00', '2', 95),
(96, 2019, '2', '2', '09:00:00', '2', 96),
(97, 2019, '2', '2', '10:00:00', '2', 97),
(98, 2019, '2', '2', '11:00:00', '2', 98),
(99, 2019, '2', '2', '13:00:00', '2', 99),
(100, 2019, '2', '2', '15:00:00', '2', 100),
(101, 2019, '2', '2', '08:00:00', '2', 1),
(102, 2019, '2', '2', '09:00:00', '2', 2),
(103, 2019, '2', '2', '10:00:00', '2', 3),
(104, 2019, '2', '2', '11:00:00', '2', 4),
(105, 2019, '2', '2', '13:00:00', '2', 5),
(106, 2019, '2', '2', '14:00:00', '2', 6),
(107, 2019, '2', '2', '15:00:00', '2', 7),
(108, 2019, '2', '2', '08:00:00', '2', 8),
(109, 2019, '2', '2', '09:00:00', '2', 9),
(110, 2019, '2', '2', '10:00:00', '2', 10),
(111, 2019, '2', '2', '11:00:00', '2', 11),
(112, 2019, '2', '2', '13:00:00', '2', 12),
(113, 2019, '2', '2', '15:00:00', '2', 13),
(114, 2019, '2', '2', '08:00:00', '2', 14),
(115, 2019, '2', '2', '09:00:00', '2', 15),
(116, 2019, '2', '2', '10:00:00', '2', 16),
(117, 2019, '2', '2', '13:00:00', '2', 17),
(118, 2019, '2', '2', '14:00:00', '2', 18),
(119, 2019, '2', '2', '15:00:00', '2', 19),
(120, 2019, '2', '2', '08:00:00', '2', 20),
(121, 2019, '2', '2', '10:00:00', '2', 21),
(122, 2019, '2', '2', '11:00:00', '2', 22),
(123, 2019, '2', '2', '13:00:00', '2', 23),
(124, 2019, '2', '2', '14:00:00', '2', 24),
(125, 2019, '2', '2', '15:00:00', '2', 25),
(126, 2019, '3', '1', '08:00:00', '2', 26),
(127, 2019, '3', '1', '09:00:00', '2', 27),
(128, 2019, '3', '1', '10:00:00', '2', 28),
(129, 2019, '3', '1', '11:00:00', '2', 29),
(130, 2019, '3', '1', '13:00:00', '2', 30),
(131, 2019, '3', '1', '15:00:00', '2', 31),
(132, 2019, '3', '1', '08:00:00', '2', 32),
(133, 2019, '3', '1', '09:00:00', '2', 33),
(134, 2019, '3', '1', '10:00:00', '2', 34),
(135, 2019, '3', '1', '13:00:00', '2', 35),
(136, 2019, '3', '1', '15:00:00', '2', 36),
(137, 2019, '3', '1', '08:00:00', '2', 37),
(138, 2019, '3', '1', '10:00:00', '2', 38),
(139, 2019, '3', '1', '11:00:00', '2', 39),
(140, 2019, '3', '1', '13:00:00', '2', 40),
(141, 2019, '3', '1', '14:00:00', '2', 41),
(142, 2019, '3', '1', '15:00:00', '2', 42),
(143, 2019, '3', '1', '08:00:00', '2', 43),
(144, 2019, '3', '1', '10:00:00', '2', 44),
(145, 2019, '3', '1', '11:00:00', '2', 45),
(146, 2019, '3', '1', '13:00:00', '2', 46),
(147, 2019, '3', '1', '14:00:00', '2', 47),
(148, 2019, '3', '1', '15:00:00', '2', 48),
(149, 2019, '3', '1', '08:00:00', '2', 49),
(150, 2019, '3', '1', '09:00:00', '2', 50),
(151, 2019, '3', '1', '10:00:00', '2', 51),
(152, 2019, '3', '1', '11:00:00', '2', 52),
(153, 2019, '3', '1', '13:00:00', '2', 53),
(154, 2019, '3', '1', '15:00:00', '2', 54),
(155, 2019, '3', '2', '08:00:00', '2', 55),
(156, 2019, '3', '2', '09:00:00', '2', 56),
(157, 2019, '3', '2', '10:00:00', '2', 57),
(158, 2019, '3', '2', '13:00:00', '2', 58),
(159, 2019, '3', '2', '15:00:00', '2', 59),
(160, 2019, '3', '2', '08:00:00', '2', 60),
(161, 2019, '3', '2', '10:00:00', '2', 61),
(162, 2019, '3', '2', '11:00:00', '2', 62),
(163, 2019, '3', '2', '13:00:00', '2', 63),
(164, 2019, '3', '2', '15:00:00', '2', 64),
(165, 2019, '3', '2', '08:00:00', '2', 65),
(166, 2019, '3', '2', '09:00:00', '2', 66),
(167, 2019, '3', '2', '10:00:00', '2', 67),
(168, 2019, '3', '2', '11:00:00', '2', 68),
(169, 2019, '3', '2', '13:00:00', '2', 69),
(170, 2019, '3', '2', '14:00:00', '2', 70),
(171, 2019, '3', '2', '15:00:00', '2', 71),
(172, 2019, '3', '2', '08:00:00', '2', 72),
(173, 2019, '3', '2', '10:00:00', '2', 73),
(174, 2019, '3', '2', '11:00:00', '2', 74),
(175, 2019, '3', '2', '13:00:00', '2', 75),
(176, 2019, '3', '2', '14:00:00', '2', 76),
(177, 2019, '3', '2', '15:00:00', '2', 77),
(178, 2019, '3', '2', '08:00:00', '2', 78),
(179, 2019, '3', '2', '09:00:00', '2', 79),
(180, 2019, '3', '2', '10:00:00', '2', 80),
(181, 2019, '3', '2', '13:00:00', '2', 81),
(182, 2019, '3', '2', '14:00:00', '2', 82),
(183, 2019, '3', '2', '15:00:00', '2', 83),
(184, 2019, '4', '1', '08:00:00', '2', 84),
(185, 2019, '4', '1', '09:00:00', '2', 85),
(186, 2019, '4', '1', '10:00:00', '2', 86),
(187, 2019, '4', '1', '11:00:00', '2', 87),
(188, 2019, '4', '1', '13:00:00', '2', 88),
(189, 2019, '4', '1', '14:00:00', '2', 89),
(190, 2019, '4', '1', '15:00:00', '2', 90),
(191, 2019, '4', '1', '08:00:00', '2', 91),
(192, 2019, '4', '1', '09:00:00', '2', 92),
(193, 2019, '4', '1', '10:00:00', '2', 93),
(194, 2019, '4', '1', '13:00:00', '2', 94),
(195, 2019, '4', '1', '15:00:00', '2', 95),
(196, 2019, '4', '1', '08:00:00', '2', 96),
(197, 2019, '4', '1', '10:00:00', '2', 97),
(198, 2019, '4', '1', '13:00:00', '2', 98),
(199, 2019, '4', '1', '14:00:00', '2', 99),
(200, 2019, '4', '1', '15:00:00', '2', 100),
(201, 2019, '4', '1', '08:00:00', '2', 1),
(202, 2019, '4', '1', '09:00:00', '2', 2),
(203, 2019, '4', '1', '10:00:00', '2', 3),
(204, 2019, '4', '1', '13:00:00', '2', 4),
(205, 2019, '4', '1', '14:00:00', '2', 5),
(206, 2019, '4', '1', '15:00:00', '2', 6),
(207, 2019, '4', '1', '08:00:00', '2', 7),
(208, 2019, '4', '1', '09:00:00', '2', 8),
(209, 2019, '4', '1', '10:00:00', '2', 9),
(210, 2019, '4', '2', '11:00:00', '2', 10),
(211, 2019, '4', '2', '13:00:00', '2', 11),
(212, 2019, '4', '2', '14:00:00', '2', 12),
(213, 2019, '4', '2', '15:00:00', '2', 13),
(214, 2019, '4', '2', '14:00:00', '2', 14),
(215, 2019, '4', '2', '15:00:00', '2', 15),
(216, 2019, '4', '2', '08:00:00', '2', 16),
(217, 2019, '4', '2', '09:00:00', '2', 17),
(218, 2019, '4', '2', '10:00:00', '2', 18),
(219, 2019, '4', '2', '11:00:00', '2', 19),
(220, 2019, '4', '2', '13:00:00', '2', 20),
(221, 2019, '4', '2', '14:00:00', '2', 21),
(222, 2019, '4', '2', '15:00:00', '2', 22),
(223, 2019, '4', '2', '08:00:00', '2', 23),
(224, 2019, '4', '2', '09:00:00', '2', 24),
(225, 2019, '4', '2', '10:00:00', '2', 25),
(226, 2019, '4', '2', '11:00:00', '2', 26),
(227, 2019, '4', '2', '13:00:00', '2', 27),
(228, 2019, '4', '2', '14:00:00', '2', 28),
(229, 2019, '4', '2', '15:00:00', '2', 29),
(230, 2019, '4', '2', '08:00:00', '2', 30),
(231, 2019, '4', '2', '09:00:00', '2', 31),
(232, 2019, '4', '2', '10:00:00', '2', 32),
(233, 2019, '4', '2', '11:00:00', '2', 33),
(234, 2019, '4', '2', '13:00:00', '2', 34),
(235, 2019, '4', '2', '14:00:00', '2', 35),
(236, 2019, '4', '2', '15:00:00', '2', 36),
(237, 2019, '5', '1', '08:00:00', '2', 37),
(238, 2019, '5', '1', '09:00:00', '2', 38),
(239, 2019, '5', '1', '10:00:00', '2', 39),
(240, 2019, '5', '1', '13:00:00', '2', 40),
(241, 2019, '5', '1', '14:00:00', '2', 41),
(242, 2019, '5', '1', '15:00:00', '2', 42),
(243, 2019, '5', '1', '08:00:00', '2', 43),
(244, 2019, '5', '1', '10:00:00', '2', 44),
(245, 2019, '5', '1', '11:00:00', '2', 45),
(246, 2019, '5', '1', '13:00:00', '2', 46),
(247, 2019, '5', '1', '14:00:00', '2', 47),
(248, 2019, '5', '1', '15:00:00', '2', 48),
(249, 2019, '5', '1', '08:00:00', '2', 49),
(250, 2019, '5', '1', '09:00:00', '2', 50),
(251, 2019, '5', '1', '13:00:00', '2', 51),
(252, 2019, '5', '1', '14:00:00', '2', 52),
(253, 2019, '5', '1', '15:00:00', '2', 53),
(254, 2019, '5', '1', '08:00:00', '2', 54),
(255, 2019, '5', '1', '09:00:00', '2', 55),
(256, 2019, '5', '1', '10:00:00', '2', 56),
(257, 2019, '5', '1', '11:00:00', '2', 57),
(258, 2019, '5', '1', '13:00:00', '2', 58),
(259, 2019, '5', '1', '14:00:00', '2', 59),
(260, 2019, '5', '1', '15:00:00', '2', 60),
(261, 2019, '5', '1', '08:00:00', '2', 61),
(262, 2019, '5', '1', '10:00:00', '2', 62),
(263, 2019, '5', '1', '11:00:00', '2', 63),
(264, 2019, '5', '1', '13:00:00', '2', 64),
(265, 2019, '5', '1', '14:00:00', '2', 65),
(266, 2019, '5', '1', '15:00:00', '2', 66),
(267, 2019, '5', '1', '08:00:00', '2', 67),
(268, 2019, '5', '2', '09:00:00', '2', 68),
(269, 2019, '5', '2', '10:00:00', '2', 69),
(270, 2019, '5', '2', '11:00:00', '2', 70),
(271, 2019, '5', '2', '13:00:00', '2', 71),
(272, 2019, '5', '2', '14:00:00', '2', 72),
(273, 2019, '5', '2', '15:00:00', '2', 73),
(274, 2019, '5', '2', '08:00:00', '2', 74),
(275, 2019, '5', '2', '09:00:00', '2', 75),
(276, 2019, '5', '2', '10:00:00', '2', 76),
(277, 2019, '5', '2', '13:00:00', '2', 77),
(278, 2019, '5', '2', '14:00:00', '2', 78),
(279, 2019, '5', '2', '15:00:00', '2', 79),
(280, 2019, '5', '2', '08:00:00', '2', 80),
(281, 2019, '5', '2', '09:00:00', '2', 81),
(282, 2019, '5', '2', '10:00:00', '2', 82),
(283, 2019, '5', '2', '13:00:00', '2', 83),
(284, 2019, '5', '2', '14:00:00', '2', 84),
(285, 2019, '5', '2', '15:00:00', '2', 85),
(286, 2019, '5', '2', '08:00:00', '2', 86),
(287, 2019, '5', '2', '09:00:00', '2', 87),
(288, 2019, '5', '2', '10:00:00', '2', 88),
(289, 2019, '5', '2', '11:00:00', '2', 89),
(290, 2019, '5', '2', '13:00:00', '2', 90),
(291, 2019, '5', '2', '14:00:00', '2', 91),
(292, 2019, '5', '2', '15:00:00', '2', 92),
(293, 2019, '5', '2', '08:00:00', '2', 93),
(294, 2019, '5', '2', '10:00:00', '2', 94),
(295, 2019, '5', '2', '11:00:00', '2', 95),
(296, 2019, '5', '2', '13:00:00', '2', 96),
(297, 2019, '5', '2', '14:00:00', '2', 97),
(298, 2019, '5', '2', '15:00:00', '2', 98),
(299, 2019, '6', '1', '08:00:00', '2', 99),
(300, 2019, '6', '1', '10:00:00', '2', 100),
(301, 2019, '6', '1', '13:00:00', '2', 1),
(302, 2019, '6', '1', '14:00:00', '2', 2),
(303, 2019, '6', '1', '15:00:00', '2', 3),
(304, 2019, '6', '1', '08:00:00', '2', 4),
(305, 2019, '6', '1', '09:00:00', '2', 5),
(306, 2019, '6', '1', '10:00:00', '2', 6),
(307, 2019, '6', '1', '11:00:00', '2', 7),
(308, 2019, '6', '1', '13:00:00', '2', 8),
(309, 2019, '6', '1', '14:00:00', '2', 9),
(310, 2019, '6', '1', '15:00:00', '2', 10),
(311, 2019, '6', '1', '08:00:00', '2', 11),
(312, 2019, '6', '1', '09:00:00', '2', 12),
(313, 2019, '6', '1', '10:00:00', '2', 13),
(314, 2019, '6', '1', '11:00:00', '2', 14),
(315, 2019, '6', '1', '13:00:00', '2', 15),
(316, 2019, '6', '1', '14:00:00', '2', 16),
(317, 2019, '6', '1', '15:00:00', '2', 17),
(318, 2019, '6', '1', '08:00:00', '2', 18),
(319, 2019, '6', '1', '09:00:00', '2', 19),
(320, 2019, '6', '1', '10:00:00', '2', 20),
(321, 2019, '6', '1', '11:00:00', '2', 21),
(322, 2019, '6', '1', '13:00:00', '2', 22),
(323, 2019, '6', '1', '14:00:00', '2', 23),
(324, 2019, '6', '1', '15:00:00', '2', 24),
(325, 2019, '6', '1', '08:00:00', '2', 25),
(326, 2019, '6', '1', '09:00:00', '2', 26),
(327, 2019, '6', '1', '10:00:00', '2', 27),
(328, 2019, '6', '1', '13:00:00', '2', 28),
(329, 2019, '6', '1', '14:00:00', '2', 29),
(330, 2019, '6', '1', '15:00:00', '2', 30),
(331, 2019, '6', '1', '08:00:00', '2', 31),
(332, 2019, '6', '1', '09:00:00', '2', 32),
(333, 2019, '6', '1', '10:00:00', '2', 33),
(334, 2019, '6', '1', '13:00:00', '2', 34),
(335, 2019, '6', '1', '14:00:00', '2', 35),
(336, 2019, '6', '1', '15:00:00', '2', 36),
(337, 2019, '6', '2', '08:00:00', '2', 37),
(338, 2019, '6', '2', '09:00:00', '2', 38),
(339, 2019, '6', '2', '10:00:00', '2', 39),
(340, 2019, '6', '2', '13:00:00', '2', 40),
(341, 2019, '6', '2', '14:00:00', '2', 41),
(342, 2019, '6', '2', '15:00:00', '2', 42),
(343, 2019, '6', '2', '08:00:00', '2', 43),
(344, 2019, '6', '2', '09:00:00', '2', 44),
(345, 2019, '6', '2', '10:00:00', '2', 45),
(346, 2019, '6', '2', '11:00:00', '2', 46),
(347, 2019, '6', '2', '13:00:00', '2', 47),
(348, 2019, '6', '2', '14:00:00', '2', 48),
(349, 2019, '6', '2', '15:00:00', '2', 49),
(350, 2019, '6', '2', '08:00:00', '2', 50),
(351, 2019, '6', '2', '09:00:00', '2', 51),
(352, 2019, '6', '2', '10:00:00', '2', 52),
(353, 2019, '6', '2', '13:00:00', '2', 53),
(354, 2019, '6', '2', '14:00:00', '2', 54),
(355, 2019, '6', '2', '15:00:00', '2', 55),
(356, 2019, '6', '2', '08:00:00', '2', 56),
(357, 2019, '6', '2', '09:00:00', '2', 57),
(358, 2019, '6', '2', '10:00:00', '2', 58),
(359, 2019, '6', '2', '13:00:00', '2', 59),
(360, 2019, '6', '2', '14:00:00', '2', 60),
(361, 2019, '6', '2', '15:00:00', '2', 61),
(362, 2019, '6', '2', '08:00:00', '2', 62),
(363, 2019, '6', '2', '10:00:00', '2', 63),
(364, 2019, '6', '2', '11:00:00', '2', 64),
(365, 2019, '6', '2', '13:00:00', '2', 65),
(366, 2019, '6', '2', '14:00:00', '2', 66),
(367, 2019, '6', '2', '15:00:00', '2', 67);

-- --------------------------------------------------------

--
-- Table structure for table `work`
--

CREATE TABLE `work` (
  `work_id` int(11) NOT NULL,
  `work_name` varchar(45) DEFAULT NULL,
  `work_details` varchar(500) DEFAULT NULL,
  `enroll_subject_id` int(11) NOT NULL
) ENGINE=InnoDB DEFAULT CHARSET=utf8mb4 COLLATE=utf8mb4_general_ci;

--
-- Indexes for dumped tables
--

--
-- Indexes for table `advicers`
--
ALTER TABLE `advicers`
  ADD PRIMARY KEY (`school_year`,`grade`,`room`,`teacher_id`),
  ADD UNIQUE KEY `school_year` (`school_year`,`grade`,`room`,`teacher_id`),
  ADD KEY `teacher_id` (`teacher_id`);

--
-- Indexes for table `class`
--
ALTER TABLE `class`
  ADD PRIMARY KEY (`school_year`,`grade`,`room`);

--
-- Indexes for table `enroll`
--
ALTER TABLE `enroll`
  ADD PRIMARY KEY (`student_id`,`school_year`,`grade`,`room`,`enroll_subject_id`),
  ADD KEY `fk_student_has_class_has_teacher_student_has_class1_idx` (`student_id`,`school_year`,`grade`,`room`),
  ADD KEY `enroll_subject_id` (`enroll_subject_id`);

--
-- Indexes for table `enroll_subject`
--
ALTER TABLE `enroll_subject`
  ADD PRIMARY KEY (`enroll_subject_id`),
  ADD KEY `fk_enroll_subject_teacher1_idx` (`teacher_id`),
  ADD KEY `fk_enroll_subject_subject1_idx` (`subject_id`);

--
-- Indexes for table `evaluation`
--
ALTER TABLE `evaluation`
  ADD PRIMARY KEY (`subject_id`,`school_year`),
  ADD KEY `fk_evaluation_subject1_idx` (`subject_id`);

--
-- Indexes for table `score`
--
ALTER TABLE `score`
  ADD PRIMARY KEY (`score_id`),
  ADD KEY `fk_score_enroll1_idx` (`student_id`,`school_year`,`grade`,`room`,`teacher_id`,`subject_id`);

--
-- Indexes for table `status`
--
ALTER TABLE `status`
  ADD PRIMARY KEY (`status_id`);

--
-- Indexes for table `student`
--
ALTER TABLE `student`
  ADD PRIMARY KEY (`student_id`),
  ADD KEY `fk_student_status1_idx` (`status_id`);

--
-- Indexes for table `student_has_class`
--
ALTER TABLE `student_has_class`
  ADD PRIMARY KEY (`student_id`,`school_year`,`grade`,`room`),
  ADD KEY `fk_student_has_class_class1_idx` (`school_year`,`grade`,`room`),
  ADD KEY `fk_student_has_class_student1_idx` (`student_id`);

--
-- Indexes for table `subject`
--
ALTER TABLE `subject`
  ADD PRIMARY KEY (`subject_id`);

--
-- Indexes for table `teacher`
--
ALTER TABLE `teacher`
  ADD PRIMARY KEY (`teacher_id`),
  ADD KEY `fk_teacher_status1_idx` (`status_id`);

--
-- Indexes for table `time_table`
--
ALTER TABLE `time_table`
  ADD PRIMARY KEY (`time_table_id`),
  ADD KEY `fk_time_table_class1_idx` (`school_year`,`grade`,`room`),
  ADD KEY `fk_time_table_enroll_subject1_idx` (`enroll_subject_id`);

--
-- Indexes for table `work`
--
ALTER TABLE `work`
  ADD PRIMARY KEY (`work_id`),
  ADD KEY `fk_work_enroll_subject1_idx` (`enroll_subject_id`);

--
-- AUTO_INCREMENT for dumped tables
--

--
-- AUTO_INCREMENT for table `enroll_subject`
--
ALTER TABLE `enroll_subject`
  MODIFY `enroll_subject_id` int(11) NOT NULL AUTO_INCREMENT, AUTO_INCREMENT=112;

--
-- AUTO_INCREMENT for table `time_table`
--
ALTER TABLE `time_table`
  MODIFY `time_table_id` int(11) NOT NULL AUTO_INCREMENT, AUTO_INCREMENT=368;

--
-- Constraints for dumped tables
--

--
-- Constraints for table `advicers`
--
ALTER TABLE `advicers`
  ADD CONSTRAINT `advicers_ibfk_1` FOREIGN KEY (`school_year`,`grade`,`room`) REFERENCES `class` (`school_year`, `grade`, `room`),
  ADD CONSTRAINT `advicers_ibfk_2` FOREIGN KEY (`teacher_id`) REFERENCES `teacher` (`teacher_id`);

--
-- Constraints for table `enroll`
--
ALTER TABLE `enroll`
  ADD CONSTRAINT `enroll_ibfk_1` FOREIGN KEY (`enroll_subject_id`) REFERENCES `enroll_subject` (`enroll_subject_id`),
  ADD CONSTRAINT `fk_student_has_class_has_teacher_student_has_class1` FOREIGN KEY (`student_id`,`school_year`,`grade`,`room`) REFERENCES `student_has_class` (`student_id`, `school_year`, `grade`, `room`) ON DELETE NO ACTION ON UPDATE NO ACTION;

--
-- Constraints for table `enroll_subject`
--
ALTER TABLE `enroll_subject`
  ADD CONSTRAINT `fk_enroll_subject_subject1` FOREIGN KEY (`subject_id`) REFERENCES `subject` (`subject_id`) ON DELETE NO ACTION ON UPDATE NO ACTION,
  ADD CONSTRAINT `fk_enroll_subject_teacher1` FOREIGN KEY (`teacher_id`) REFERENCES `teacher` (`teacher_id`) ON DELETE NO ACTION ON UPDATE NO ACTION;

--
-- Constraints for table `evaluation`
--
ALTER TABLE `evaluation`
  ADD CONSTRAINT `fk_evaluation_subject1` FOREIGN KEY (`subject_id`) REFERENCES `subject` (`subject_id`) ON DELETE NO ACTION ON UPDATE NO ACTION;

--
-- Constraints for table `score`
--
ALTER TABLE `score`
  ADD CONSTRAINT `fk_score_enroll1` FOREIGN KEY (`student_id`,`school_year`,`grade`,`room`) REFERENCES `enroll` (`student_id`, `school_year`, `grade`, `room`) ON DELETE NO ACTION ON UPDATE NO ACTION;

--
-- Constraints for table `student`
--
ALTER TABLE `student`
  ADD CONSTRAINT `fk_student_status1` FOREIGN KEY (`status_id`) REFERENCES `status` (`status_id`) ON DELETE NO ACTION ON UPDATE NO ACTION;

--
-- Constraints for table `student_has_class`
--
ALTER TABLE `student_has_class`
  ADD CONSTRAINT `fk_student_has_class_class1` FOREIGN KEY (`school_year`,`grade`,`room`) REFERENCES `class` (`school_year`, `grade`, `room`) ON DELETE NO ACTION ON UPDATE NO ACTION,
  ADD CONSTRAINT `fk_student_has_class_student1` FOREIGN KEY (`student_id`) REFERENCES `student` (`student_id`) ON DELETE NO ACTION ON UPDATE NO ACTION;

--
-- Constraints for table `teacher`
--
ALTER TABLE `teacher`
  ADD CONSTRAINT `fk_teacher_status1` FOREIGN KEY (`status_id`) REFERENCES `status` (`status_id`) ON DELETE NO ACTION ON UPDATE NO ACTION;

--
-- Constraints for table `time_table`
--
ALTER TABLE `time_table`
  ADD CONSTRAINT `fk_time_table_class1` FOREIGN KEY (`school_year`,`grade`,`room`) REFERENCES `class` (`school_year`, `grade`, `room`) ON DELETE NO ACTION ON UPDATE NO ACTION,
  ADD CONSTRAINT `fk_time_table_enroll_subject1` FOREIGN KEY (`enroll_subject_id`) REFERENCES `enroll_subject` (`enroll_subject_id`) ON DELETE NO ACTION ON UPDATE NO ACTION;

--
-- Constraints for table `work`
--
ALTER TABLE `work`
  ADD CONSTRAINT `fk_work_enroll_subject1` FOREIGN KEY (`enroll_subject_id`) REFERENCES `enroll_subject` (`enroll_subject_id`) ON DELETE NO ACTION ON UPDATE NO ACTION;
COMMIT;

/*!40101 SET CHARACTER_SET_CLIENT=@OLD_CHARACTER_SET_CLIENT */;
/*!40101 SET CHARACTER_SET_RESULTS=@OLD_CHARACTER_SET_RESULTS */;
/*!40101 SET COLLATION_CONNECTION=@OLD_COLLATION_CONNECTION */;
